User_ID,성별,연령,Job,Family,Unsubscribe
X0010254691714933659,1,34,회사원,결혼,0
X0013455316779233219,2,70,산업노동자,결혼,1
X0019385710745765957,1,47,기업가,이혼,1
X0019442830801994941,1,32,산업노동자,결혼,0
X0032015350750301834,1,56,산업노동자,결혼,0
X0040437714409076855,2,63,은퇴,미혼,0
X0060546064543865767,1,30,기술자,미혼,0
X0080319379158089172,1,39,서비스종사자,이혼,0
X0088676443599868338,2,25,서비스종사자,결혼,0
X0113312418671928134,1,26,군인,결혼,0
X0140193890593502132,2,68,은퇴,미혼,0
X0145676426465876109,2,56,기업가,결혼,0
X0175285231787076298,2,40,자영업자,이혼,1
X0177996937041300376,2,30,회사원,결혼,0
X0203394909997638707,1,46,산업노동자,미혼,1
X0209640967062397585,2,60,은퇴,결혼,0
X0210575559057013960,2,52,회사원,결혼,1
X0212061638066139876,2,57,산업노동자,이혼,1
X0214807498644962070,1,51,기술자,결혼,0
X0215247670892594418,1,44,기술자,미혼,0
X0216321737024323898,2,63,회사원,이혼,0
X0221212769369921829,1,57,산업노동자,미혼,0
X0241291520095316932,2,54,회사원,이혼,0
X0247060335368829801,2,67,은퇴,미혼,1
X0251392774322440779,1,75,은퇴,결혼,1
X0285439617596665512,2,81,은퇴,결혼,1
X0286636161588845387,2,83,은퇴,미혼,0
X0295829070632811451,2,42,서비스종사자,미확인,0
X0298465323177514236,2,56,산업노동자,결혼,1
X0301386901660578111,1,47,산업노동자,미혼,0
X0312781276809299306,1,55,회사원,결혼,1
X0314608091836797889,2,50,산업노동자,미혼,0
X0327785723698884853,2,85,은퇴,미혼,0
X0333044583416978151,2,73,산업노동자,이혼,1
X0339813499954255847,2,46,미취업자,미혼,0
X0342060941186493169,1,68,기업가,결혼,1
X0348610625361473636,1,39,기술자,결혼,1
X0377358127202124582,2,63,은퇴,결혼,1
X0392110483605601454,2,70,자영업자,결혼,1
X0395097918011318696,2,82,은퇴,결혼,0
X0405806031336308091,2,45,산업노동자,이혼,1
X0412073205247474149,2,32,산업노동자,미혼,0
X0413657394880531462,1,32,기술자,미혼,0
X0422341154717735615,1,35,공무원,결혼,0
X0455965488226319910,2,38,회사원,이혼,0
X0456268139651732219,2,74,자영업자,미혼,0
X0471166329698944221,1,68,은퇴,결혼,0
X0472554518406992051,2,42,서비스종사자,미혼,0
X0473756250702972881,2,66,은퇴,결혼,1
X0474444465014724107,1,57,산업노동자,결혼,0
X0486603805283773310,2,32,기업가,미혼,1
X0503775240443034790,1,35,기업가,미혼,1
X0514353563147030638,1,42,서비스종사자,결혼,1
X0532679315083829433,2,42,주부,이혼,0
X0537256399475264198,2,59,공무원,이혼,1
X0572496026694316067,1,46,자영업자,미혼,0
X0606248352401086725,2,64,은퇴,미혼,1
X0613099534023310630,2,57,은퇴,미혼,0
X0625576491039381544,2,77,은퇴,미혼,0
X0637170584222319633,2,30,회사원,미혼,1
X0661810409959229091,1,47,기술자,결혼,0
X0668057101990803274,1,46,산업노동자,미혼,0
X0693784475092091273,2,58,주부,이혼,1
X0698604890950596581,2,34,산업노동자,미혼,0
X0703401069578360095,2,43,산업노동자,결혼,1
X0720034225720248995,2,49,서비스종사자,이혼,0
X0730311770295694854,1,39,산업노동자,결혼,0
X0743061348227031829,1,71,기업가,결혼,1
X0749357130499290257,1,47,산업노동자,결혼,1
X0762228502784860589,1,50,미확인,결혼,1
X0764410479830242880,1,42,기업가,미혼,0
X0774510471813945692,1,35,산업노동자,미혼,1
X0774910241059947747,2,29,회사원,결혼,0
X0779005553198332585,1,25,서비스종사자,이혼,0
X0779652289103911517,1,54,기업가,이혼,1
X0785809021912126924,1,47,기업가,이혼,0
X0791761078322160765,2,85,은퇴,결혼,0
X0796947585904452703,1,57,산업노동자,미혼,0
X0803967979372159613,2,40,산업노동자,미확인,1
X0809448353684397318,1,42,산업노동자,이혼,0
X0823939707811858971,1,67,산업노동자,결혼,1
X0828950128790579787,2,52,서비스종사자,결혼,0
X0837953406890401060,2,47,회사원,미혼,1
X0848384277975062306,2,82,은퇴,이혼,1
X0848424531375876030,1,53,기술자,미혼,0
X0853428001738506356,2,82,은퇴,미혼,0
X0861751981142527673,2,36,기술자,결혼,0
X0866316143886259825,1,55,회사원,미혼,0
X0867055772289735448,1,77,군인,미혼,1
X0873338590822724632,1,53,기술자,결혼,0
X0875438910676323028,1,69,은퇴,미혼,1
X0879706230138632991,1,64,군인,미확인,0
X0888038148131329959,1,50,기업가,결혼,0
X0895513129120087451,1,37,회사원,미혼,1
X0902321530762177031,2,60,공무원,결혼,0
X0959519130918248285,1,46,회사원,이혼,0
X0960497662201244784,1,29,기술자,결혼,0
X0960894091378478080,1,81,은퇴,미혼,0
X0983558409008878998,2,44,회사원,이혼,0
X1000229353920307289,2,64,은퇴,결혼,0
X1025236457578208991,2,40,회사원,이혼,0
X1042659619648195910,1,51,회사원,미혼,0
X1053578104200330831,1,40,기술자,결혼,0
X1069545832401149615,1,66,은퇴,미혼,0
X1091864728115573215,1,42,자영업자,이혼,0
X1092541663293331460,2,37,회사원,결혼,1
X1111758388561320032,1,81,은퇴,이혼,1
X1137695444463724851,1,59,기업가,이혼,0
X1173425617012937013,1,73,은퇴,결혼,1
X1173800509457619603,1,66,은퇴,미확인,0
X1180826761489217056,1,63,은퇴,결혼,0
X1187604299724996914,2,88,은퇴,결혼,0
X1200050032879964152,1,46,미취업자,결혼,0
X1244861070946914897,1,38,기업가,이혼,0
X1251526593848678992,1,42,회사원,미혼,0
X1261357907046473975,1,61,자영업자,결혼,0
X1267046485150364362,1,60,기업가,미혼,1
X1270282022669416905,1,48,산업노동자,미혼,0
X1273692696443472008,1,47,자영업자,결혼,0
X1287309600618149446,2,51,공무원,이혼,1
X1293042705638532505,2,44,기술자,이혼,0
X1326866569239516299,2,59,기술자,미혼,0
X1334038795686112649,2,56,회사원,미확인,1
X1334065216483249715,2,88,은퇴,결혼,1
X1343784891986409473,1,69,은퇴,미확인,1
X1351598133567152875,2,57,회사원,미혼,1
X1351814253524227330,1,48,서비스종사자,미혼,1
X1362917639137507099,2,45,자영업자,결혼,1
X1366085891300968111,2,39,회사원,이혼,0
X1367078416516258983,1,64,산업노동자,결혼,0
X1367751995500521387,1,56,기술자,결혼,0
X1372419838512298343,2,73,은퇴,결혼,0
X1374492449383733364,2,57,은퇴,미혼,0
X1379642081393646926,2,65,은퇴,결혼,1
X1385664480883953082,1,59,자영업자,미혼,0
X1386403888886162387,1,72,은퇴,이혼,0
X1397068237478857115,2,52,공무원,결혼,1
X1407930913718238944,2,67,자영업자,결혼,0
X1415139657132215273,2,60,은퇴,결혼,1
X1424835116294407642,1,30,미취업자,이혼,0
X1428459279388631495,1,51,은퇴,이혼,0
X1429239910168358535,2,67,은퇴,결혼,0
X1460867409971700598,1,68,은퇴,미혼,0
X1479502308544178550,2,56,회사원,결혼,1
X1481785315876866865,1,50,기술자,미혼,1
X1490546049023072142,2,63,은퇴,이혼,1
X1503427408240155172,2,53,서비스종사자,미혼,0
X1503464773660237508,2,65,은퇴,미혼,0
X1523705123036737212,1,74,은퇴,미혼,1
X1534732403393247335,2,50,회사원,이혼,1
X1547388396998854831,1,32,자영업자,결혼,0
X1551032840031708060,2,72,은퇴,결혼,0
X1557755609090268794,2,50,산업노동자,미혼,1
X1564851903768054950,1,57,기술자,이혼,0
X1574510253998630559,2,53,미확인,결혼,0
X1580652519185127443,1,56,은퇴,결혼,0
X1583335950610837303,1,49,회사원,결혼,0
X1592965820874893600,2,28,기술자,결혼,1
X1603646859671538397,2,25,회사원,미혼,1
X1619301537888711434,2,64,공무원,미혼,0
X1619370272889003716,2,86,은퇴,미혼,0
X1621049450812812052,2,88,은퇴,미혼,0
X1626029310980007973,1,40,회사원,결혼,0
X1639010719447223052,1,52,회사원,이혼,0
X1651849710474790893,2,31,회사원,미혼,1
X1666351825965221963,2,38,자영업자,미확인,0
X1666967319651152110,1,65,은퇴,미혼,0
X1667426776398345669,2,50,산업노동자,결혼,0
X1668529218379245893,2,85,은퇴,미혼,0
X1668675012460725053,1,60,산업노동자,결혼,0
X1671342202952122926,1,50,기업가,미혼,0
X1680565879481891256,1,75,은퇴,결혼,1
X1685721089375416978,2,44,서비스종사자,결혼,0
X1685956779400278004,1,59,은퇴,이혼,0
X1688794158644288132,2,86,은퇴,결혼,1
X1689308815062947117,2,30,회사원,이혼,1
X1696157148419708489,1,43,회사원,결혼,0
X1697908806996861125,2,42,산업노동자,미혼,1
X1715221723297301131,2,71,산업노동자,미혼,0
X1719224191789821745,2,47,산업노동자,미혼,0
X1720734606777376606,1,74,은퇴,결혼,0
X1725716482622500043,1,35,산업노동자,결혼,1
X1728497716491745292,2,39,주부,결혼,1
X1748909111583625316,2,37,자영업자,결혼,0
X1753657389323253625,1,37,산업노동자,미혼,0
X1763171644640325430,2,35,기술자,이혼,1
X1771903082506084838,1,55,공무원,이혼,0
X1790693897930294302,1,68,자영업자,미혼,0
X1793757468297682087,1,49,회사원,이혼,1
X1804787235043633058,1,28,회사원,결혼,0
X1806488673459483955,2,35,회사원,결혼,1
X1811826510751224556,2,44,주부,이혼,1
X1813181577540040985,1,59,서비스종사자,미혼,0
X1815250773870548446,2,46,공무원,미혼,1
X1819153436272523991,2,39,산업노동자,결혼,1
X1846012967591536205,1,61,은퇴,미혼,0
X1848308107559189805,2,34,기술자,미혼,0
X1849890167843079000,2,36,자영업자,이혼,0
X1861556647298792128,1,39,서비스종사자,미혼,0
X1874891449721014876,1,39,기업가,결혼,0
X1876983802327030907,1,62,기술자,미확인,1
X1886962507346046904,2,39,회사원,결혼,0
X1898846622602385555,2,57,은퇴,미혼,0
X1903298678581671361,1,29,기업가,미혼,1
X1919113473840104269,1,48,회사원,미혼,0
X1921341536882436789,2,85,은퇴,이혼,0
X1925661729049209314,2,56,은퇴,결혼,0
X1929218349101326286,2,52,서비스종사자,이혼,0
X1934984499838527733,1,65,은퇴,결혼,0
X1941390655310316072,2,60,은퇴,이혼,0
X1973337219919627355,1,77,은퇴,미혼,0
X1974310370427132672,2,68,자영업자,결혼,0
X1982724423914976288,2,35,기술자,결혼,0
X1990454879730815442,1,37,산업노동자,미확인,0
X1996335287442851807,2,30,기술자,미혼,1
X2003825727800264522,2,67,은퇴,미혼,1
X2009656548357742655,2,60,은퇴,이혼,0
X2011706375772168872,1,48,기업가,결혼,0
X2013756350754637730,2,80,은퇴,이혼,1
X2029469927243386011,2,43,자영업자,결혼,0
X2033077209424551641,1,67,자영업자,미혼,0
X2059044189588533913,2,49,서비스종사자,미혼,0
X2059760410473104271,1,43,산업노동자,결혼,1
X2065879950461977383,2,65,은퇴,미혼,1
X2074307323541886102,1,45,산업노동자,결혼,0
X2101916600847450684,2,25,회사원,미혼,1
X2104511641877714794,2,53,미취업자,결혼,0
X2123775081745019989,2,66,은퇴,결혼,1
X2125930182975884432,2,47,주부,결혼,0
X2137687914143622697,2,52,서비스종사자,결혼,0
X2150494015157310389,1,50,공무원,미혼,1
X2153588930493481124,1,75,은퇴,결혼,1
X2162991026292343320,2,32,서비스종사자,이혼,0
X2164786723890574410,2,26,산업노동자,이혼,1
X2167859911096113775,1,41,산업노동자,미혼,0
X2168902235847788646,1,53,기업가,미혼,0
X2170457271360103448,1,59,은퇴,이혼,0
X2171598694816055409,1,64,은퇴,결혼,1
X2176801116357683423,1,33,산업노동자,결혼,1
X2179158690176710396,1,60,은퇴,결혼,0
X2187222889355130881,2,43,기업가,이혼,1
X2187608991788380519,2,84,회사원,결혼,0
X2187628529525583401,1,47,자영업자,미혼,1
X2193597546648509777,2,66,은퇴,미확인,0
X2197770217406705785,1,57,산업노동자,이혼,0
X2198476223296047034,1,48,미취업자,미혼,1
X2198784087692714184,1,51,기술자,결혼,0
X2199186740082927503,2,86,회사원,이혼,0
X2204262089683124704,1,33,미취업자,미혼,0
X2220378088020541739,1,29,서비스종사자,미혼,1
X2220666767688897546,2,52,회사원,결혼,0
X2232025506342220616,2,66,은퇴,이혼,0
X2242345592360178047,2,44,자영업자,미혼,0
X2250813426376617954,2,53,회사원,이혼,0
X2257926426167063041,2,62,은퇴,이혼,0
X2277267992736187184,2,44,서비스종사자,미혼,0
X2282427034430852439,1,33,공무원,미혼,1
X2283765228590531138,1,60,기술자,결혼,0
X2296763725171559325,2,88,은퇴,결혼,0
X2297622368579994688,2,31,회사원,미혼,0
X2313267992499333325,1,65,자영업자,미혼,0
X2326837919883762409,2,56,미취업자,미혼,1
X2336840863662647995,2,43,회사원,이혼,0
X2349357978199977370,1,41,회사원,미혼,0
X2367357141493479289,1,30,서비스종사자,미혼,1
X2370509638132804910,1,34,군인,미혼,0
X2372296380655382926,2,46,공무원,미혼,1
X2377148920117973074,2,73,자영업자,미혼,0
X2391765909759358053,1,67,은퇴,결혼,1
X2396944568558637628,2,46,회사원,미혼,1
X2409456922317635954,1,32,기업가,결혼,1
X2413532414871888208,2,34,공무원,결혼,1
X2415380246512448208,1,34,서비스종사자,미혼,0
X2422552519399488649,2,31,학생,미혼,0
X2475110570981182035,1,41,기술자,이혼,0
X2488119480895716240,1,35,기술자,미혼,0
X2489479242960860623,1,86,군인,미혼,0
X2509179986246987590,1,56,회사원,미혼,0
X2518698063305684836,1,38,회사원,미혼,0
X2523527707382636332,1,70,기업가,결혼,0
X2533465224252378313,2,63,자영업자,결혼,0
X2556966725024117825,2,52,회사원,결혼,1
X2560601483811579556,1,40,기술자,미혼,0
X2569216510055334053,1,85,은퇴,결혼,0
X2572763391621325770,1,40,회사원,결혼,0
X2576796002441165708,2,49,산업노동자,결혼,0
X2580269377575143195,1,46,기술자,미확인,1
X2589899149777249827,2,54,공무원,결혼,0
X2605009755714045174,1,48,기술자,미혼,0
X2611587614441806178,1,64,산업노동자,결혼,1
X2642463332292804811,1,69,은퇴,미혼,0
X2677825498610716269,2,65,은퇴,미혼,0
X2683129622756209376,2,63,주부,결혼,0
X2684604260682185247,1,47,기술자,미혼,1
X2691484664468729841,2,65,은퇴,미혼,0
X2700364928077236685,1,78,은퇴,결혼,0
X2706046005549540667,1,63,군인,결혼,0
X2726130049811038607,2,27,회사원,결혼,0
X2727489185761440925,1,52,회사원,결혼,0
X2730874904757278547,2,77,은퇴,결혼,0
X2741175597325561365,2,40,회사원,이혼,0
X2744368740229097260,2,43,서비스종사자,미혼,1
X2744668671886810822,2,57,산업노동자,미혼,1
X2749006758679967212,1,75,자영업자,결혼,1
X2753361433216389496,1,78,자영업자,이혼,1
X2753627185932556358,1,82,미확인,미혼,0
X2773114268052584307,2,46,서비스종사자,결혼,0
X2774910708693141823,1,39,기술자,미혼,1
X2779964109757743760,2,50,주부,결혼,1
X2780444057206477037,1,41,산업노동자,결혼,1
X2786400668763157187,2,31,산업노동자,미혼,0
X2792053835286151221,2,30,회사원,이혼,1
X2793650993212719774,2,65,은퇴,결혼,0
X2798766805203306079,2,77,산업노동자,미혼,0
X2818921955456340111,2,49,자영업자,미확인,1
X2819640403078514785,1,47,기업가,결혼,0
X2838492378681574259,1,71,은퇴,결혼,1
X2841533766484800838,1,79,은퇴,결혼,0
X2870092970504839553,2,37,회사원,결혼,0
X2874406173532814459,2,43,회사원,결혼,0
X2874657654334652488,1,61,산업노동자,이혼,0
X2913206171589612605,1,54,기업가,미혼,1
X2913987735253268465,1,36,회사원,미혼,1
X2928529559969245569,1,77,은퇴,결혼,0
X2931280474975702237,2,47,기업가,이혼,1
X2934572229567594530,2,30,기술자,이혼,1
X2947031446538173603,2,60,회사원,이혼,0
X2947707549601115835,1,69,자영업자,결혼,1
X2948833685525209593,1,68,은퇴,미혼,0
X2957270466527536990,1,67,은퇴,결혼,1
X2966814662164816632,1,53,기술자,결혼,0
X2974633536456594134,2,83,은퇴,결혼,0
X3008090154722563553,1,43,산업노동자,미혼,0
X3014112223674711257,1,40,산업노동자,미혼,1
X3017011347691191798,1,40,산업노동자,결혼,0
X3022369132460614467,1,48,산업노동자,결혼,0
X3027039702776413814,1,69,산업노동자,미혼,0
X3028373407009380349,1,73,산업노동자,결혼,1
X3032982444478127788,2,58,산업노동자,결혼,0
X3041098523388272918,1,78,은퇴,결혼,0
X3054600563373481152,1,51,회사원,미혼,0
X3068454344212298659,1,63,회사원,결혼,0
X3082635118187763082,1,27,회사원,미혼,1
X3090074251362616615,1,45,기술자,결혼,1
X3108154614253732517,1,51,기술자,이혼,0
X3110139400746611735,2,58,공무원,미혼,0
X3111939965546793364,1,61,기술자,미혼,1
X3114369048403189627,2,76,은퇴,결혼,0
X3115927344403797821,1,40,기술자,미혼,1
X3128624660775869593,1,57,회사원,결혼,1
X3148005852934136805,2,31,산업노동자,미혼,1
X3152579810108280687,1,57,미취업자,이혼,0
X3186276558909864550,1,43,회사원,미혼,0
X3192545653065948974,2,33,회사원,이혼,1
X3206858394913801810,1,74,은퇴,미혼,0
X3208581854122376841,2,73,은퇴,결혼,0
X3214803741766016007,1,80,은퇴,이혼,0
X3218941937414245288,1,27,기술자,미혼,0
X3236105396990782507,2,62,미확인,미혼,0
X3244244782899085339,1,50,회사원,결혼,0
X3247761202311930861,2,32,산업노동자,결혼,0
X3247847898301573084,2,48,공무원,미혼,0
X3263824463435597181,2,48,회사원,결혼,1
X3265944947976225981,2,47,서비스종사자,미혼,0
X3282525897355892979,1,66,회사원,미혼,0
X3293734595463936521,1,63,회사원,결혼,1
X3297797421738603185,1,73,기술자,결혼,0
X3298544165752652079,2,70,회사원,미혼,0
X3300388065109867406,2,67,은퇴,미혼,0
X3301700762913717553,1,54,산업노동자,미혼,0
X3302010651565673594,1,49,산업노동자,미혼,0
X3324967601543683790,2,53,산업노동자,이혼,0
X3331466111596349001,1,46,산업노동자,미혼,0
X3334894444495485088,1,39,회사원,미혼,0
X3349707353047821793,2,25,회사원,미혼,0
X3351156956221766222,1,31,회사원,결혼,0
X3351790471117934972,1,61,기업가,결혼,0
X3371429426812938140,2,51,산업노동자,이혼,1
X3372132385200165340,1,66,기업가,미혼,0
X3380963461364552927,1,79,은퇴,미혼,0
X3393983029867151202,1,36,산업노동자,이혼,0
X3400077536096836637,2,39,기술자,이혼,0
X3400088481149753332,1,46,회사원,이혼,0
X3405610381978062247,1,55,미취업자,미혼,0
X3425763343665118842,1,56,기업가,결혼,1
X3427306787279041733,1,77,기업가,미혼,1
X3433347927821240971,1,56,은퇴,결혼,1
X3441052033776117257,1,84,은퇴,미혼,0
X3469775208481899087,1,49,기업가,미혼,0
X3506219573425307863,1,70,기업가,미혼,0
X3508906977673755692,2,52,미확인,결혼,0
X3523840690036708547,2,58,회사원,결혼,0
X3527753009208246666,1,45,기술자,미혼,1
X3529479549083509956,1,57,기업가,결혼,0
X3540073787645188784,2,49,회사원,이혼,1
X3574109840204498766,2,60,미확인,결혼,1
X3579805731912401199,1,40,공무원,결혼,0
X3583440501338720290,2,58,회사원,결혼,0
X3606945037814423842,1,72,산업노동자,미혼,0
X3620658510885354054,1,25,학생,결혼,0
X3620729491449652838,2,56,은퇴,결혼,0
X3622777429540645234,1,38,공무원,결혼,0
X3622980233230277679,1,53,회사원,결혼,0
X3627136000368813412,1,39,기업가,결혼,0
X3634244902392467790,1,42,기술자,미혼,1
X3636121924492989922,1,32,자영업자,미혼,1
X3667001210728734523,1,45,기술자,결혼,1
X3674743597232539916,1,31,기술자,결혼,0
X3683462306821868543,2,38,주부,미확인,0
X3687699449112318418,2,29,회사원,미혼,0
X3698605243095407380,1,33,회사원,미혼,0
X3713633230740546847,2,42,기업가,결혼,0
X3721739436754185728,2,61,기술자,미혼,1
X3722684578362815927,1,58,회사원,결혼,1
X3725437481551456713,2,57,공무원,미혼,0
X3727985533377486259,1,40,기술자,미확인,0
X3731376400499428952,2,65,은퇴,미혼,0
X3779067913734089071,2,70,은퇴,결혼,0
X3781867769431146847,1,28,군인,미혼,0
X3783034283427364818,1,44,기업가,결혼,0
X3785865078236484096,1,60,기업가,결혼,0
X3788905401978286985,2,38,공무원,결혼,1
X3791693849263913514,1,68,은퇴,미혼,0
X3792447574433516217,1,89,은퇴,미혼,1
X3805710958874073545,2,59,은퇴,결혼,0
X3827631026496308520,2,30,서비스종사자,이혼,0
X3833150012642993895,1,52,기술자,결혼,0
X3868306958905783351,1,41,자영업자,이혼,0
X3890419491343099460,2,55,회사원,결혼,0
X3893160764540191598,1,46,산업노동자,이혼,1
X3897310395376939750,1,67,은퇴,미혼,1
X3903784375893821354,2,42,기술자,이혼,0
X3934562752116980711,2,37,서비스종사자,미확인,0
X3939380385683245530,2,62,은퇴,결혼,1
X3947588119357611554,1,47,산업노동자,이혼,0
X3954218777440184272,1,72,산업노동자,결혼,0
X3961661566142143451,1,33,기술자,결혼,0
X3969997018426746778,2,40,자영업자,결혼,1
X3970341711398997403,1,31,군인,미혼,1
X3976226071239518375,1,75,은퇴,결혼,0
X3976322729155545951,2,49,산업노동자,미혼,1
X3977143353169903666,1,51,미확인,미혼,1
X3981096340053188349,2,48,회사원,이혼,0
X4003759810338571392,2,57,회사원,이혼,0
X4015398379442123030,2,82,주부,미혼,0
X4029540340118487640,2,63,기술자,결혼,1
X4030097771962451457,2,64,미취업자,결혼,0
X4061259536580886179,1,51,기업가,결혼,1
X4066461877371095821,1,54,기술자,결혼,0
X4071041557584473364,2,37,회사원,결혼,1
X4072201578621812743,1,42,기업가,결혼,0
X4077260272734899179,2,54,서비스종사자,미확인,0
X4079789878231698165,2,35,산업노동자,미혼,1
X4080591830428605980,2,71,회사원,결혼,1
X4098194556550897043,1,59,산업노동자,미혼,1
X4099252205833586050,1,48,회사원,결혼,0
X4103557507319314107,1,50,산업노동자,미혼,1
X4120136625712922262,1,64,회사원,미혼,0
X4123184595947614306,1,66,은퇴,미혼,0
X4131293565164550040,1,64,은퇴,결혼,0
X4133553918191585672,2,49,산업노동자,미확인,0
X4135518821650992509,2,29,서비스종사자,이혼,0
X4158358806208076070,1,58,기업가,미혼,1
X4161383084859740921,2,31,서비스종사자,미혼,0
X4163114991720219178,1,49,미확인,미혼,1
X4172656324118280513,1,37,기술자,결혼,0
X4174390419314448560,2,39,산업노동자,결혼,0
X4174609986836068525,1,49,공무원,결혼,0
X4190409990158895121,2,70,은퇴,미혼,1
X4204374753400982891,1,32,미취업자,미혼,1
X4235701645008469524,2,71,은퇴,결혼,1
X4239606616106310727,2,57,기업가,미확인,1
X4262781802922740657,1,36,산업노동자,이혼,0
X4275830789323471771,1,47,자영업자,미혼,0
X4294635325197046439,1,29,기술자,결혼,0
X4303418514996875284,1,66,미취업자,이혼,0
X4307160172754847975,2,78,은퇴,결혼,1
X4320684426706897585,1,45,회사원,이혼,0
X4326794397503444228,2,75,산업노동자,결혼,0
X4328631174306952652,2,48,서비스종사자,이혼,0
X4331175741909555011,2,35,서비스종사자,결혼,0
X4341374878613072600,1,33,산업노동자,이혼,0
X4349793679345124048,2,50,공무원,이혼,0
X4356745253527830286,1,61,기술자,결혼,0
X4363559724990332378,1,57,회사원,미혼,0
X4372324543863578108,1,89,산업노동자,미확인,1
X4372866206584033492,1,50,산업노동자,미혼,0
X4382237374448276316,2,40,산업노동자,이혼,0
X4383136684353870112,1,66,주부,미혼,1
X4408395645554068224,2,78,주부,결혼,0
X4431092681197609673,1,46,기술자,결혼,0
X4432427293563645797,2,54,서비스종사자,결혼,1
X4438806046111260106,1,67,은퇴,미혼,0
X4440860357513085829,2,40,회사원,결혼,1
X4455690546841881972,1,44,기술자,미혼,1
X4457569925326966762,2,43,산업노동자,미혼,0
X4460988420387403885,2,46,서비스종사자,미혼,0
X4468651615069270149,1,58,산업노동자,이혼,0
X4480473153534425762,2,51,미취업자,미확인,0
X4488462825207125679,1,67,미확인,미혼,0
X4494932747575252839,2,65,자영업자,이혼,0
X4497009134462104208,1,63,산업노동자,미혼,0
X4498091116409221151,1,59,은퇴,미혼,0
X4504018505108442029,2,30,공무원,미확인,0
X4507217927997665151,2,54,자영업자,결혼,0
X4508938638795149254,2,45,산업노동자,결혼,0
X4522071819207352283,2,55,자영업자,이혼,1
X4524168828544014914,1,73,기업가,미혼,0
X4525394700179229894,1,69,주부,이혼,0
X4533547689625906855,2,70,자영업자,이혼,1
X4547588724689174382,1,29,기술자,미혼,0
X4577108641333827457,1,71,은퇴,이혼,0
X4578018819151420199,1,32,공무원,미혼,0
X4598473058779707268,2,64,자영업자,미혼,1
X4610110729154546660,1,87,은퇴,미혼,0
X4611990289401091807,1,64,은퇴,이혼,0
X4614834009493192292,1,41,기술자,결혼,0
X4615865364123517814,2,65,기업가,결혼,1
X4623027380266874327,1,72,공무원,미혼,0
X4652778498876421954,1,62,은퇴,미혼,0
X4660180828890187622,1,50,회사원,미혼,1
X4665617950916907901,1,81,은퇴,결혼,1
X4673210615233228339,2,86,산업노동자,결혼,1
X4674309578430842019,1,59,공무원,결혼,0
X4693778772984687309,1,69,기업가,이혼,1
X4705645843660110215,1,31,회사원,결혼,0
X4709129755409905257,1,64,회사원,결혼,1
X4722702305338195998,2,64,은퇴,이혼,1
X4731307088244951267,1,32,기술자,결혼,0
X4733107113400198920,1,66,산업노동자,미확인,0
X4750013574050975152,1,42,공무원,미혼,0
X4769559441015447655,2,65,미취업자,이혼,0
X4774036732990400909,2,74,군인,결혼,0
X4786099335216865586,1,70,은퇴,결혼,0
X4794884902545743850,1,41,기업가,미혼,0
X4812321293028528315,1,36,미취업자,이혼,0
X4813124466963724867,1,41,공무원,미혼,0
X4827263024999522051,1,73,은퇴,결혼,1
X4841264517530315473,2,64,은퇴,미혼,0
X4849801365079222862,2,66,은퇴,결혼,0
X4852095618551546347,1,34,미취업자,미혼,0
X4888135217415282865,1,33,산업노동자,미혼,0
X4895782418978496862,2,66,은퇴,이혼,0
X4917086672193233699,1,45,회사원,미혼,0
X4919936248638230589,2,42,공무원,결혼,0
X4922425752301851381,1,45,기술자,미혼,1
X4927809378851503701,2,79,은퇴,결혼,1
X4928839668625533116,2,37,기술자,결혼,1
X4929039867563215913,1,61,산업노동자,결혼,1
X4941636120146871571,1,50,공무원,결혼,1
X4953265402509370722,1,74,은퇴,결혼,1
X4959560944115992706,1,46,공무원,결혼,0
X4960675516011166448,1,51,회사원,이혼,0
X4974722261597604840,1,40,회사원,이혼,1
X4979405724772227710,1,43,자영업자,결혼,0
X4985464443987399635,1,36,기술자,이혼,0
X4987830842382119852,2,52,산업노동자,미혼,0
X4991574957956116162,1,50,산업노동자,결혼,1
X4992032146677412288,1,51,기업가,결혼,1
X4993550339341634840,1,57,회사원,미혼,1
X4996871540335588440,2,45,공무원,이혼,1
X4996906301797704793,1,81,은퇴,미혼,0
X4997591946888935517,2,58,은퇴,결혼,1
X5001589591316231345,1,55,산업노동자,결혼,0
X5034920032157930247,1,61,은퇴,결혼,0
X5041901047466574739,2,65,자영업자,미혼,1
X5055215405122990293,2,68,은퇴,미혼,0
X5061946558023806348,2,34,산업노동자,결혼,0
X5066401287334308088,1,61,공무원,이혼,0
X5070311239906974543,2,55,회사원,이혼,1
X5095389958870146342,1,72,은퇴,미혼,0
X5096134241174116348,1,86,군인,이혼,1
X5103795021060968948,1,51,기술자,결혼,0
X5106520210529012967,1,28,기술자,결혼,1
X5114799966625152199,1,47,공무원,결혼,1
X5115375973898949784,1,62,미확인,미혼,0
X5127433744437856029,1,28,회사원,미확인,0
X5143451991854282165,2,25,공무원,미혼,0
X5158631096510156613,2,80,은퇴,결혼,1
X5165266092461992407,1,49,산업노동자,미혼,1
X5179468888924980820,2,53,공무원,결혼,1
X5185932927569296266,1,50,군인,이혼,0
X5223205776502535531,1,68,은퇴,미혼,1
X5224520801739840886,1,51,기술자,미혼,1
X5245491311514256275,2,45,공무원,미혼,1
X5248524437751730283,1,54,산업노동자,미혼,1
X5255184456916910238,2,78,은퇴,결혼,1
X5259105723555283791,2,58,은퇴,미혼,0
X5281898159504214242,2,31,회사원,결혼,1
X5290866659901927359,2,64,은퇴,미혼,1
X5293287619616298697,2,42,회사원,이혼,0
X5293767259050792488,1,50,회사원,이혼,0
X5296820298828635161,2,40,회사원,미혼,0
X5297776100678619660,1,60,은퇴,미혼,0
X5299838617375767843,1,49,자영업자,결혼,0
X5300577935293625527,1,47,기술자,이혼,1
X5303757679620233252,1,70,자영업자,결혼,1
X5318593635993830783,2,44,회사원,미혼,0
X5321939449889340025,2,68,은퇴,미혼,0
X5331051675194132805,2,69,은퇴,미혼,0
X5364184131538156883,1,60,은퇴,미혼,0
X5366869684409554527,2,56,은퇴,결혼,1
X5375008748899368667,1,29,회사원,결혼,1
X5416920805292383542,1,25,회사원,미혼,0
X5421779298505192572,1,81,은퇴,결혼,1
X5427928648802464978,2,76,은퇴,미혼,0
X5438596208348066559,1,37,산업노동자,결혼,1
X5460836136227607877,2,34,산업노동자,결혼,0
X5482831129257720770,2,56,산업노동자,미혼,1
X5483041180861818669,2,40,공무원,결혼,0
X5490258025220542750,1,41,산업노동자,이혼,0
X5497915876910854321,1,33,기업가,결혼,0
X5499391694125342591,1,59,회사원,결혼,0
X5505143680379038865,2,33,회사원,미혼,0
X5508239499200235445,1,67,산업노동자,결혼,0
X5529606756629685859,1,68,회사원,결혼,0
X5566236040687250066,1,48,산업노동자,결혼,1
X5576974456883351172,2,56,은퇴,결혼,1
X5585985737477466277,1,80,군인,이혼,0
X5587059161284312441,1,47,기업가,결혼,1
X5594387111559119831,1,25,회사원,이혼,1
X5596987769102965631,1,36,산업노동자,이혼,1
X5601988788336082103,1,65,은퇴,미혼,0
X5610251032332856992,2,42,산업노동자,이혼,1
X5630243151259398983,2,42,공무원,결혼,1
X5636079643637054036,1,65,은퇴,미확인,1
X5636140469662091846,1,58,기술자,결혼,0
X5643289497442420951,1,30,군인,미혼,0
X5690007374965019242,2,74,은퇴,미혼,1
X5699587241185476242,1,71,은퇴,결혼,0
X5709302435726804617,1,67,군인,미혼,0
X5710410967452328209,2,60,자영업자,미혼,0
X5715377073457513684,1,61,산업노동자,결혼,1
X5755552929534670427,1,52,회사원,결혼,1
X5757061059759508422,2,43,회사원,미혼,0
X5759179588876928290,1,59,기술자,미혼,1
X5776925231600206289,1,58,회사원,이혼,0
X5787855889945564616,1,52,산업노동자,미혼,1
X5798476851697525937,1,54,기술자,이혼,1
X5810803399093435437,1,68,은퇴,미혼,1
X5823583757170761181,2,60,은퇴,결혼,1
X5838608101985539114,1,30,회사원,결혼,0
X5872062680336525167,1,65,은퇴,이혼,1
X5874945257580883243,1,53,기술자,미혼,0
X5889128510578257906,2,54,산업노동자,결혼,1
X5899750631206893220,2,54,기술자,결혼,1
X5928844226258758635,1,56,회사원,이혼,1
X5955203542523619412,2,39,기술자,미혼,0
X5956643918898513782,1,72,기업가,미혼,1
X5957517047984167144,1,70,은퇴,미혼,0
X5959097260401793179,1,30,기술자,결혼,0
X5982051977145049876,1,53,회사원,결혼,1
X6007607998216014648,2,55,산업노동자,결혼,0
X6015347799852612294,1,47,기업가,결혼,1
X6016807197665669451,1,54,기술자,미혼,0
X6017096017423407134,2,65,은퇴,결혼,0
X6024585812819204260,1,68,은퇴,이혼,1
X6026388358190618536,2,70,은퇴,이혼,0
X6031077164242661968,2,70,은퇴,결혼,0
X6032732203730642149,2,34,서비스종사자,미혼,1
X6034917489106099061,1,66,은퇴,미혼,0
X6053279856215470606,1,62,미취업자,이혼,0
X6054008706421622110,1,52,회사원,결혼,0
X6055666619646312521,2,76,은퇴,미혼,0
X6062353462237948556,1,30,기술자,미혼,1
X6067611545848630176,1,48,산업노동자,결혼,1
X6075730091288119485,2,32,회사원,결혼,0
X6082481855980240021,1,44,산업노동자,미혼,1
X6084991490336223232,1,31,기술자,미혼,1
X6099818145119613272,2,48,회사원,결혼,1
X6100235355690125989,2,38,회사원,미혼,0
X6105719675918277060,2,25,공무원,미혼,1
X6144586890095498630,2,71,은퇴,미혼,1
X6153148629087220689,2,62,회사원,결혼,0
X6166038660272184541,1,53,기술자,이혼,0
X6179562872024298122,1,48,주부,결혼,1
X6182700170652619224,2,85,은퇴,결혼,0
X6186577400405364930,1,57,기술자,결혼,1
X6205145556884319102,1,41,미취업자,결혼,1
X6211741879950544372,2,56,기술자,미혼,0
X6212661259247128710,1,42,공무원,결혼,0
X6229654179994859596,2,64,은퇴,이혼,0
X6237513877520013259,2,60,은퇴,결혼,1
X6242611726622008333,1,73,자영업자,결혼,0
X6246213618299167472,2,75,주부,결혼,0
X6269987786785500107,2,43,서비스종사자,결혼,0
X6270293553792636302,1,47,회사원,결혼,0
X6274564614677758692,2,68,은퇴,결혼,0
X6279989899984440049,2,55,서비스종사자,미혼,0
X6303800030934491888,1,57,산업노동자,결혼,1
X6329588158272648338,2,41,산업노동자,미혼,0
X6333580121551990421,2,46,회사원,미혼,0
X6343224743504679930,2,65,은퇴,미혼,0
X6345163407127214080,1,53,산업노동자,미혼,0
X6346146806172239443,1,77,은퇴,이혼,0
X6360994741557273653,1,83,은퇴,미혼,1
X6366371729130924737,2,33,회사원,미혼,0
X6369294763799528573,2,57,산업노동자,결혼,0
X6371785586294873026,2,50,산업노동자,미혼,0
X6386990578307189453,2,43,산업노동자,미혼,1
X6394349492951732185,1,77,은퇴,미혼,0
X6397227722733456080,1,46,산업노동자,미확인,0
X6398271793946224799,2,26,산업노동자,결혼,0
X6401994923473539984,1,60,은퇴,결혼,0
X6419949166647770777,2,58,은퇴,미혼,0
X6432511520800858004,1,49,은퇴,이혼,0
X6441474693266926731,1,29,산업노동자,미혼,1
X6442972764592430002,2,46,자영업자,결혼,0
X6446072661433314727,2,61,은퇴,결혼,1
X6450763838677589691,2,67,자영업자,미혼,1
X6451532990833317459,1,52,기업가,미혼,0
X6457326807426589740,2,56,공무원,미혼,0
X6483168413720947775,2,46,회사원,결혼,0
X6489624723329013301,1,34,회사원,결혼,1
X6493805068648745088,2,64,은퇴,결혼,0
X6494998277026989436,2,72,회사원,결혼,0
X6500361944376990174,1,35,자영업자,미혼,0
X6519393938940320947,1,37,미취업자,미확인,1
X6526917491776986430,2,46,산업노동자,이혼,0
X6540892471630915745,2,81,은퇴,결혼,1
X6552728736004628496,2,47,기업가,이혼,0
X6564313142945418162,1,39,산업노동자,이혼,0
X6572696608218213684,1,51,산업노동자,이혼,0
X6578252574007666472,1,83,은퇴,미혼,0
X6580277204962902864,1,29,기술자,결혼,0
X6580511616527096883,1,85,군인,결혼,0
X6582464891870504447,1,44,산업노동자,결혼,1
X6589068286865984353,2,80,은퇴,결혼,1
X6614031506854385011,1,46,산업노동자,결혼,1
X6622044806006805109,1,71,은퇴,미혼,0
X6628828579566430913,1,50,산업노동자,미혼,0
X6642593699479843225,1,63,기업가,미혼,0
X6651304341802549181,1,29,군인,미혼,0
X6693071782173412062,1,63,산업노동자,미확인,1
X6707881868054162625,2,73,은퇴,이혼,0
X6714639346178626531,1,58,미취업자,이혼,0
X6714685439674389969,1,54,기술자,미확인,0
X6744096344102497992,2,53,주부,미혼,0
X6748262091669760819,1,45,기술자,이혼,0
X6765192542713679561,1,58,기술자,결혼,0
X6770438299777200556,1,58,기술자,결혼,1
X6772517081247999692,2,69,은퇴,미혼,0
X6798514263823483973,2,73,자영업자,결혼,0
X6811383908681722924,1,67,은퇴,결혼,1
X6825249642951143280,1,59,은퇴,미혼,0
X6841722077814823882,2,66,산업노동자,결혼,0
X6890631804855317943,1,56,기술자,미혼,0
X6895690123655184113,1,58,회사원,결혼,0
X6911852492917452259,1,64,공무원,이혼,0
X6914906886375735432,1,47,회사원,미혼,1
X6916489031985270219,1,78,은퇴,결혼,0
X6921465520867353531,1,37,공무원,미혼,0
X6935937787984159588,2,51,서비스종사자,결혼,0
X6941499914694594613,2,32,산업노동자,결혼,0
X6941999321347780546,1,71,은퇴,이혼,1
X6959453918245907632,2,56,주부,결혼,1
X6970394219105735294,1,62,기술자,미혼,0
X6977492669012436387,2,47,서비스종사자,이혼,1
X6992617328750730810,1,75,군인,미혼,0
X7010136472820303589,1,47,서비스종사자,결혼,1
X7033725747850061743,2,82,은퇴,결혼,0
X7054199090622829648,2,75,은퇴,결혼,0
X7060115163012782690,2,47,산업노동자,미혼,1
X7073442204680408709,1,35,기업가,미혼,0
X7087489449510574086,2,39,회사원,결혼,0
X7095356879948774966,1,49,회사원,이혼,1
X7102126657654372174,2,39,공무원,미혼,1
X7103402645402001345,1,56,미취업자,결혼,0
X7103754337134857520,2,63,은퇴,미혼,1
X7105672379443884529,1,57,공무원,미혼,0
X7115840638357539497,2,51,산업노동자,결혼,0
X7117831905011846997,1,38,자영업자,결혼,0
X7129024950997001283,2,50,산업노동자,이혼,0
X7132144151776411609,2,73,은퇴,미혼,1
X7138796659677668570,2,61,주부,미혼,0
X7145965827508606919,2,55,은퇴,미혼,1
X7164696023081761655,1,74,은퇴,결혼,0
X7196641549322804571,1,67,군인,결혼,0
X7202400778635630086,2,48,공무원,미혼,0
X7208023129691512097,1,67,자영업자,결혼,0
X7221664803573740315,2,62,산업노동자,결혼,0
X7230559975923664346,2,46,서비스종사자,이혼,0
X7245140803303588859,2,68,은퇴,이혼,0
X7250511507047346263,1,37,기술자,이혼,0
X7255379164314855880,1,43,산업노동자,이혼,0
X7263763395708594735,1,38,공무원,결혼,0
X7288121932702855442,1,55,회사원,이혼,1
X7288161574055203217,1,52,기술자,결혼,1
X7288330850462615414,1,75,은퇴,이혼,0
X7303115951676202897,1,58,자영업자,미확인,0
X7319740258593985614,1,51,산업노동자,미혼,0
X7320454279026546124,1,54,회사원,미확인,1
X7327148213849796209,2,84,은퇴,미혼,0
X7328945259415528803,1,67,자영업자,결혼,0
X7334419371723390737,2,35,회사원,미혼,0
X7337602392493858649,2,30,자영업자,미혼,0
X7341645937326615428,1,48,미취업자,결혼,0
X7342957019419601232,2,48,서비스종사자,미혼,1
X7344761715691292061,2,63,산업노동자,미확인,0
X7360580209733564839,1,47,자영업자,결혼,1
X7372624326027675707,1,45,기업가,이혼,0
X7375318603896370760,2,78,은퇴,이혼,1
X7379657164016295906,1,68,자영업자,이혼,1
X7388952090533647109,2,54,서비스종사자,미확인,0
X7395341005611679466,1,73,은퇴,미혼,1
X7401422612323397542,1,38,회사원,미확인,0
X7421483521150250678,2,88,기업가,미혼,0
X7481673177472065619,1,59,자영업자,결혼,1
X7492027170371887792,1,70,은퇴,미혼,0
X7504785391953172375,2,63,은퇴,미혼,1
X7506938463854786986,2,60,미취업자,결혼,0
X7507276958100473354,2,75,기업가,미혼,0
X7523518285114055303,1,53,산업노동자,미혼,0
X7528832030309867444,1,62,공무원,결혼,0
X7528893388683194379,1,47,공무원,미혼,1
X7537268916714219975,2,42,서비스종사자,미혼,1
X7565175517471922719,2,30,서비스종사자,미혼,1
X7565753192957361995,1,37,기술자,결혼,1
X7583210687622455682,1,44,산업노동자,결혼,1
X7591645316685268535,1,27,산업노동자,미혼,0
X7602179684464079762,1,67,기업가,이혼,0
X7602808663541440175,1,55,산업노동자,결혼,0
X7605075147543397610,1,50,기술자,미혼,0
X7608061277999543869,1,35,기술자,결혼,0
X7628306860440016794,2,79,은퇴,결혼,0
X7629626322503636921,1,36,공무원,이혼,0
X7634270228366481726,2,55,회사원,미혼,1
X7646860713766166318,2,29,산업노동자,결혼,0
X7653561337875296632,1,26,군인,결혼,0
X7684998865060694329,1,45,기술자,결혼,0
X7689864049608152210,2,25,회사원,미혼,1
X7699936525300052016,1,64,회사원,미혼,1
X7723931629238936958,2,57,은퇴,결혼,0
X7742596820430993298,1,44,산업노동자,결혼,0
X7748905797412668093,2,53,공무원,결혼,0
X7752474894223129045,1,79,은퇴,이혼,0
X7760318490912473874,1,31,자영업자,미확인,0
X7762138802488870567,1,55,은퇴,결혼,0
X7768724361477075908,2,65,은퇴,결혼,0
X7771658123949245239,1,60,기술자,결혼,0
X7798093747798902770,1,54,산업노동자,결혼,1
X7799289948333784235,1,68,자영업자,미혼,1
X7813136286643537115,2,35,회사원,이혼,0
X7858411037571982561,1,66,주부,이혼,0
X7865395079218539710,2,65,은퇴,결혼,0
X7871887442115058703,1,47,기술자,결혼,0
X7872783453721378978,1,56,산업노동자,이혼,1
X7877229677122507905,2,61,기업가,결혼,0
X7879892967246321767,2,59,산업노동자,미혼,1
X7915201260902706680,1,36,회사원,결혼,0
X7919256144250634294,1,47,산업노동자,미혼,1
X7932457787476068078,1,68,군인,결혼,0
X7936214497698367967,2,75,은퇴,결혼,0
X7937841497636613967,1,59,서비스종사자,이혼,0
X7964279073018059493,1,76,은퇴,결혼,1
X7975084194310291897,1,26,회사원,결혼,0
X7992816865960130731,2,67,은퇴,미혼,0
X8005527325190231139,2,49,회사원,결혼,1
X8017091543080706126,1,40,회사원,결혼,1
X8033619757089280290,2,42,회사원,결혼,1
X8055316615297587037,2,48,기술자,이혼,1
X8070920255025505298,2,73,은퇴,결혼,1
X8071823213978117617,1,47,회사원,이혼,0
X8076125623953738247,2,52,공무원,미혼,0
X8082711995075604109,1,33,회사원,미혼,0
X8096199468578693088,1,35,회사원,미혼,1
X8097806971858283573,2,87,은퇴,미혼,0
X8117162635417057662,1,33,기술자,미혼,0
X8121744125362265561,2,42,자영업자,결혼,0
X8145112527314103058,2,75,회사원,결혼,0
X8149296718612661915,1,33,회사원,이혼,0
X8163701983214504820,1,29,산업노동자,이혼,0
X8165673410658567587,2,52,서비스종사자,이혼,0
X8176023453269831198,2,25,산업노동자,미혼,0
X8178456022085395533,1,30,기술자,이혼,0
X8188788194498380403,1,53,산업노동자,미혼,1
X8192531757372226786,2,86,은퇴,미혼,0
X8199408187193402387,1,55,회사원,결혼,1
X8211089330043267535,1,69,은퇴,미혼,0
X8217825747633888722,1,54,산업노동자,결혼,1
X8221326661768656143,2,54,회사원,결혼,0
X8229432400322743065,1,49,회사원,이혼,0
X8249701773355004225,2,65,은퇴,미혼,1
X8254076525970873380,2,59,은퇴,결혼,0
X8278482281971435871,2,73,기업가,결혼,0
X8281669405930184108,1,32,기술자,이혼,1
X8282115625163668647,1,52,회사원,미혼,0
X8296988025955183232,1,64,은퇴,결혼,1
X8300873475336593037,1,51,산업노동자,이혼,0
X8301839870369894639,1,63,은퇴,이혼,1
X8319806653169906132,2,48,공무원,결혼,0
X8323644360934548457,1,43,공무원,미혼,0
X8328574383326554611,1,49,서비스종사자,이혼,1
X8334360767889497766,2,42,산업노동자,미혼,0
X8363290568900207415,2,44,공무원,결혼,0
X8391295424874779415,1,66,은퇴,이혼,0
X8401908828587928833,1,44,기술자,미혼,0
X8408549367252258413,2,41,주부,결혼,0
X8431753884809869570,1,67,은퇴,미혼,0
X8434876469904848791,2,86,은퇴,결혼,1
X8434924720550761367,1,67,은퇴,결혼,0
X8466567577116007314,1,69,은퇴,미혼,0
X8477385698781216138,1,62,은퇴,결혼,0
X8492066654515464613,1,55,회사원,미혼,0
X8492574409436105305,2,33,산업노동자,미혼,1
X8493034196955816447,2,79,주부,결혼,1
X8493444980874169159,1,71,기업가,미확인,1
X8505166538551295449,2,40,산업노동자,결혼,0
X8515238059130066994,2,71,은퇴,결혼,1
X8515628217400215507,2,46,회사원,결혼,0
X8523243824318582178,1,36,회사원,결혼,1
X8529764277704868796,1,78,은퇴,결혼,1
X8534635790150214830,1,46,회사원,미혼,0
X8567022187941312076,1,52,기술자,미확인,0
X8583862519985154093,1,56,회사원,결혼,0
X8589901178386267793,1,47,기술자,미혼,1
X8599544367236780340,1,61,은퇴,미혼,0
X8611870283639027899,2,61,기술자,이혼,0
X8641497883194179606,2,39,공무원,미혼,1
X8650278548215238854,1,30,기술자,결혼,0
X8659343679716565257,1,33,서비스종사자,결혼,1
X8680101073356781600,1,52,회사원,미혼,1
X8686970404127326850,1,56,서비스종사자,이혼,0
X8688198076404125641,1,35,기업가,결혼,1
X8692478159983185339,1,34,회사원,결혼,0
X8695119218542673975,2,43,회사원,이혼,0
X8704939798586436840,1,37,기술자,이혼,0
X8715868567658738678,1,54,회사원,미확인,0
X8718137438224001254,2,56,공무원,미혼,1
X8721780601949992052,1,56,은퇴,결혼,1
X8730403491058711245,1,43,산업노동자,미혼,0
X8731776487409368782,2,36,자영업자,미혼,0
X8734198118112747035,2,44,미확인,결혼,1
X8741174349433184886,2,74,은퇴,미혼,0
X8742267880507307142,1,60,은퇴,미혼,0
X8746564190984685966,1,69,은퇴,결혼,0
X8748572888554206747,2,51,산업노동자,이혼,1
X8754406920625756455,1,30,자영업자,미혼,0
X8766692900687610348,1,40,산업노동자,이혼,1
X8771472025940032632,2,62,회사원,결혼,1
X8781648292693622292,2,57,은퇴,결혼,0
X8790003534863718894,1,76,은퇴,미혼,0
X8790625770167436268,1,59,회사원,결혼,1
X8797874121465616238,2,62,주부,미혼,0
X8805163149292901601,1,48,산업노동자,이혼,1
X8811837626288647177,1,70,은퇴,결혼,1
X8812877984912250766,1,66,은퇴,미혼,0
X8834750453021215460,2,42,주부,미혼,1
X8838999392661228355,2,65,회사원,미혼,1
X8850891072351238058,2,64,회사원,이혼,1
X8865476319230101666,1,32,산업노동자,이혼,0
X8876416626138496151,1,32,산업노동자,미혼,0
X8884164008288654861,1,61,은퇴,미혼,0
X8886236610784901742,2,60,미확인,미혼,1
X8890886759859147148,2,49,회사원,이혼,0
X8899693530006478617,2,32,산업노동자,미혼,1
X8933466249362344115,1,57,기술자,미혼,0
X8939156185891248893,2,46,산업노동자,이혼,1
X8944341709954860023,1,61,은퇴,결혼,0
X8967892598912885710,2,88,은퇴,이혼,1
X8970852951189928170,1,73,은퇴,결혼,1
X8976390857387141805,1,53,회사원,결혼,0
X8981031327187927037,2,30,회사원,결혼,0
X8982299030708383819,2,37,산업노동자,미확인,1
X8982497419933066867,2,37,산업노동자,이혼,0
X8999882748598882768,2,41,산업노동자,미혼,0
X9007776354896499587,2,45,공무원,미혼,1
X9023788205198347645,1,30,회사원,미혼,1
X9034801048508178940,2,70,은퇴,이혼,1
X9038738513130002045,2,47,회사원,미혼,0
X9040676549413480054,2,68,자영업자,미혼,0
X9042331967260337131,1,35,공무원,결혼,1
X9044893662880738508,1,53,기업가,이혼,0
X9049282879139440841,2,59,은퇴,미혼,1
X9051294408518868314,2,67,은퇴,미혼,0
X9055966790623436890,2,35,회사원,결혼,0
X9056698018103021298,1,71,자영업자,이혼,0
X9073416955474159526,2,45,산업노동자,결혼,0
X9098835897158917209,2,46,서비스종사자,미혼,0
X9104506118299432136,1,41,회사원,미확인,0
X9115526188983955031,2,70,은퇴,미혼,1
X9125070092932794772,1,49,기업가,결혼,0
X9133792836259283212,2,64,은퇴,미혼,1
X9136028598980876921,1,49,산업노동자,이혼,1
X9144730484495174920,1,42,기업가,미혼,0
X9148099172821747392,1,53,회사원,미확인,0
X9150875817146585584,2,47,공무원,결혼,1
X9155280225864769259,2,29,산업노동자,미혼,0
X9155703679955279888,1,39,산업노동자,미혼,1
X9163120141947998734,1,53,공무원,이혼,1
X9166028421661272438,2,77,자영업자,결혼,0
X9172438737477005690,1,54,기업가,이혼,0
X9197753459871828555,1,60,은퇴,미혼,0
X9209300664120588702,1,41,회사원,결혼,1
X9211344407087456644,1,76,은퇴,결혼,0
Y0002984606275317649,2,76,은퇴,이혼,0
Y0007972746217782828,2,46,주부,결혼,0
Y0008718084983601699,1,48,산업노동자,결혼,0
Y0011172009313397020,1,66,주부,결혼,1
Y0014597534430206208,1,66,은퇴,이혼,0
Y0033482607909954011,1,58,산업노동자,미혼,0
Y0035172137297082871,1,54,회사원,이혼,0
Y0039583810773771047,2,46,주부,결혼,1
Y0060777747184400862,1,59,기업가,미혼,0
Y0070407632580555850,2,25,기술자,미혼,1
Y0093067060751535014,2,37,기술자,이혼,0
Y0097665995629701620,2,83,은퇴,이혼,1
Y0110366046363306324,2,67,회사원,미혼,1
Y0114178729686448862,1,51,산업노동자,미혼,0
Y0121151563529285517,2,42,서비스종사자,결혼,0
Y0122762853295397744,2,51,산업노동자,미혼,0
Y0141915016383868488,1,61,미취업자,결혼,1
Y0146817137213679292,2,39,기업가,결혼,0
Y0153970626948631353,1,34,기술자,결혼,1
Y0164539068852949573,2,83,은퇴,미혼,0
Y0164956567099360978,2,77,주부,결혼,1
Y0185709562538673438,1,35,산업노동자,미혼,0
Y0191885808068823319,1,42,회사원,결혼,0
Y0202129116644456817,1,72,군인,결혼,1
Y0204734752345449233,2,62,은퇴,이혼,1
Y0213746572615198981,2,52,자영업자,결혼,0
Y0215332143478173853,2,71,은퇴,미혼,0
Y0218688707337931413,2,53,기술자,미혼,1
Y0219842679825470848,1,76,회사원,결혼,1
Y0222772108696537703,2,38,기업가,결혼,1
Y0235826207624755288,1,42,기술자,결혼,0
Y0250371322610289316,1,65,산업노동자,이혼,0
Y0251872606356726808,1,78,기업가,미혼,0
Y0260096545932891135,2,44,산업노동자,미혼,1
Y0268352929006558430,1,65,기업가,미혼,0
Y0269674922199235314,1,77,은퇴,결혼,0
Y0288846700794376094,1,65,자영업자,미혼,0
Y0288859770925309861,2,41,회사원,미혼,0
Y0294565203696853688,2,79,은퇴,결혼,0
Y0309985247865046775,2,39,회사원,결혼,0
Y0327958497247883828,2,57,공무원,결혼,0
Y0336380672230492001,1,48,기술자,미혼,1
Y0340382818639927283,2,70,자영업자,미확인,1
Y0341601789722240199,2,42,회사원,결혼,1
Y0370786830205229654,1,63,은퇴,미혼,1
Y0372744540994919242,2,40,서비스종사자,결혼,1
Y0384073073736955569,1,65,기업가,미확인,0
Y0391406163649146859,2,70,은퇴,결혼,0
Y0393989580823627334,2,35,서비스종사자,결혼,1
Y0435820899087274843,2,75,주부,미혼,0
Y0438691801990733168,1,56,회사원,미혼,0
Y0450918405465201181,2,66,은퇴,결혼,0
Y0453184932784098752,1,39,산업노동자,결혼,0
Y0455138031846655244,1,55,미취업자,결혼,0
Y0463153692990488621,2,35,회사원,결혼,0
Y0463935636511543762,2,33,자영업자,결혼,0
Y0467887007866405245,2,54,공무원,미혼,1
Y0472371910151780242,1,83,기업가,결혼,0
Y0472547697655813472,1,66,기업가,결혼,0
Y0473132490257795197,2,26,미확인,미혼,0
Y0499703416031054747,2,52,회사원,미확인,0
Y0509731655469401874,2,78,자영업자,미혼,1
Y0525384207716381812,1,82,은퇴,결혼,0
Y0532235005882892679,2,42,산업노동자,결혼,0
Y0535357903134299832,2,50,서비스종사자,이혼,0
Y0549561181586236828,2,25,자영업자,결혼,1
Y0559082170695305112,1,32,학생,결혼,1
Y0561281897821366561,2,46,기술자,미혼,0
Y0568621759998841130,2,57,회사원,미혼,0
Y0576281845362813254,1,44,기술자,미혼,1
Y0594582759501286710,1,75,자영업자,결혼,0
Y0607754836346667257,2,38,회사원,결혼,0
Y0657010787623758785,2,63,은퇴,이혼,0
Y0666697466237748961,1,58,은퇴,결혼,1
Y0667779122006457724,1,65,은퇴,미혼,0
Y0691758915902149450,1,35,기술자,미혼,0
Y0703784506445992287,2,81,은퇴,미혼,1
Y0717893377730953035,2,72,은퇴,결혼,0
Y0733419122643773473,1,26,회사원,미혼,0
Y0735849434952782548,2,54,미확인,미혼,1
Y0737851897799018918,1,80,은퇴,이혼,0
Y0745396451855961859,1,62,회사원,미확인,0
Y0776582862212869506,1,43,회사원,결혼,0
Y0808845532223891476,1,33,기술자,결혼,0
Y0814056575052670957,1,58,자영업자,이혼,0
Y0815070456588524386,1,58,공무원,미혼,0
Y0821170367096969334,1,42,산업노동자,이혼,0
Y0821470276267997022,2,65,은퇴,미혼,1
Y0823558838876221971,2,48,주부,미혼,0
Y0828595664994107315,1,61,미확인,미혼,0
Y0856096095359519403,1,63,회사원,미혼,0
Y0859971130369270698,1,60,기술자,결혼,1
Y0871070522673349425,1,33,기술자,결혼,0
Y0878773418718939798,2,48,미확인,미혼,0
Y0890184834320208688,2,80,은퇴,결혼,0
Y0890675075099321767,1,38,미취업자,미혼,0
Y0896098719903115610,2,42,공무원,미확인,0
Y0899796333427199645,2,84,은퇴,결혼,1
Y0902900672851366751,2,73,은퇴,이혼,0
Y0910427370779279158,1,39,산업노동자,결혼,0
Y0920659832735536150,1,48,산업노동자,미혼,0
Y0927746459442318379,1,79,은퇴,미확인,1
Y0945201904854801425,1,53,산업노동자,결혼,0
Y0946011411484677151,1,49,기업가,결혼,0
Y0947252548098620004,1,63,은퇴,결혼,0
Y0988203584506827742,1,40,산업노동자,결혼,0
Y0996677746749631205,2,55,기업가,미혼,0
Y1009603554496697372,1,53,서비스종사자,이혼,0
Y1026863202903381200,1,51,미취업자,미혼,0
Y1028977482274188285,2,63,기업가,결혼,0
Y1068312355081635156,1,65,은퇴,미혼,0
Y1074902485812137698,2,51,회사원,미혼,0
Y1076216466221389814,1,60,군인,결혼,0
Y1091033848680387490,2,53,자영업자,미혼,1
Y1103619448801561773,2,69,은퇴,결혼,1
Y1140830821698414749,1,51,공무원,미혼,1
Y1145167776820116775,1,58,은퇴,결혼,1
Y1155482234175577381,2,34,회사원,미혼,1
Y1155718367703604278,1,45,회사원,결혼,1
Y1162647180865906401,1,89,은퇴,결혼,0
Y1163242437279653183,1,25,기술자,이혼,0
Y1165074576394813972,2,65,은퇴,결혼,0
Y1169345919809948392,2,47,주부,결혼,0
Y1185984362608221631,1,29,산업노동자,미혼,1
Y1189168391205176395,1,45,산업노동자,결혼,0
Y1192434082772469096,1,41,자영업자,결혼,0
Y1195882103659015442,1,58,미확인,결혼,1
Y1203325665721816948,1,57,미취업자,결혼,0
Y1215589832401166000,1,50,공무원,미혼,0
Y1217863161248888475,1,30,산업노동자,미혼,1
Y1229873333820521416,2,51,공무원,미혼,0
Y1232670848829461097,2,38,회사원,미혼,0
Y1244683986338860401,1,46,기술자,결혼,0
Y1251668487207586955,2,54,회사원,이혼,0
Y1255305093774337991,1,25,산업노동자,이혼,1
Y1257322181543979194,1,88,은퇴,이혼,0
Y1265166746119936458,1,48,회사원,이혼,0
Y1281581034460025621,1,31,기술자,이혼,0
Y1317083463356092208,2,45,산업노동자,미혼,0
Y1324546689819241646,1,61,기술자,결혼,1
Y1324855352696681095,2,67,은퇴,결혼,0
Y1328074969990410767,1,42,공무원,미혼,1
Y1329377463364715414,2,68,은퇴,결혼,0
Y1347012527992815443,1,35,기술자,미혼,1
Y1350861185994379400,2,63,회사원,결혼,1
Y1359214595709543250,2,66,기업가,미혼,0
Y1362106454319218526,2,72,은퇴,이혼,0
Y1364787134066124603,1,39,회사원,미혼,0
Y1384397369710506227,2,42,서비스종사자,미혼,1
Y1420482266100124699,1,76,은퇴,결혼,0
Y1447779847222505542,1,29,기업가,미혼,1
Y1456485395338858593,1,39,기업가,이혼,1
Y1473019388652201017,2,53,서비스종사자,미혼,1
Y1479284606902891440,2,38,자영업자,이혼,1
Y1479989257448760357,1,86,회사원,미혼,0
Y1481527929981020389,2,73,자영업자,미혼,0
Y1495264510876017537,2,54,은퇴,결혼,0
Y1498747296796939916,1,66,군인,미혼,1
Y1511850893556782603,1,38,회사원,미혼,1
Y1515209650905605608,1,72,자영업자,미혼,1
Y1518030714125788239,2,50,자영업자,미혼,0
Y1521485302595480248,2,57,은퇴,이혼,0
Y1530561398249031029,1,46,공무원,결혼,1
Y1546997348410495404,2,53,은퇴,이혼,0
Y1547206595110548940,2,78,은퇴,결혼,1
Y1549731621589440982,1,28,서비스종사자,결혼,0
Y1550616174282626487,2,32,회사원,결혼,0
Y1567416189751124170,1,52,기술자,결혼,0
Y1568678593813698364,1,66,군인,미혼,0
Y1573335242158987957,2,68,은퇴,미혼,0
Y1573616210974405727,1,41,공무원,미혼,1
Y1597999462280812803,2,56,주부,이혼,0
Y1598700484170501707,1,79,은퇴,결혼,0
Y1631217588228042283,1,63,은퇴,미혼,0
Y1648486236410022957,1,65,은퇴,미혼,1
Y1650107169025224275,2,57,공무원,미혼,0
Y1656345771944601704,2,55,미확인,결혼,0
Y1677884849474727414,2,50,서비스종사자,결혼,0
Y1681676855794114813,1,64,은퇴,결혼,0
Y1687579903382702003,2,40,공무원,결혼,0
Y1689084509712519021,2,69,은퇴,미혼,1
Y1707120610842910888,1,44,기업가,미혼,1
Y1731315041913183968,1,66,은퇴,이혼,0
Y1740443789939839753,1,36,기업가,이혼,0
Y1741847179480451316,1,43,회사원,미혼,1
Y1741954709841297649,1,47,미확인,결혼,0
Y1744364901431395329,2,49,회사원,결혼,1
Y1755159136280402169,1,30,산업노동자,결혼,0
Y1764967785974737042,2,63,미확인,결혼,1
Y1777115141429041023,2,44,회사원,미혼,1
Y1800878995629238059,1,54,미취업자,미혼,1
Y1805897523099900599,1,62,기술자,결혼,1
Y1807560903442760671,2,40,회사원,결혼,0
Y1808125897054252743,1,32,회사원,이혼,1
Y1825659287732615221,2,63,산업노동자,이혼,0
Y1831844463978126599,2,54,산업노동자,결혼,0
Y1834796479412338599,2,60,회사원,이혼,1
Y1840363113886590294,2,57,회사원,미확인,1
Y1862873853767826860,2,58,공무원,결혼,1
Y1864443639363322253,2,52,산업노동자,결혼,0
Y1868331175527694988,1,52,서비스종사자,미혼,1
Y1871635992762270585,1,51,군인,이혼,1
Y1872186632862551547,2,37,미취업자,이혼,0
Y1886201230501023516,1,85,은퇴,결혼,0
Y1911053748138864619,2,37,회사원,결혼,0
Y1925530249934669390,1,62,군인,미혼,0
Y1939798746721693876,2,56,은퇴,미혼,1
Y1962805808437611258,1,56,산업노동자,결혼,1
Y1963271853339619418,1,33,회사원,이혼,1
Y1979371434848868562,2,53,공무원,미혼,1
Y1984970387261595614,1,55,기업가,이혼,0
Y1987074999907119639,1,70,자영업자,이혼,1
Y1991299553034221150,1,45,기술자,이혼,0
Y1996370410435565691,1,69,은퇴,미혼,1
Y2000478561074332610,1,34,주부,미혼,0
Y2004615668558565980,1,74,은퇴,결혼,1
Y2007284976044495244,2,54,공무원,미혼,0
Y2011167133830967291,2,48,산업노동자,결혼,0
Y2011904826993818251,1,68,기업가,미혼,1
Y2012522549600109653,2,34,기술자,결혼,0
Y2020191516232483902,2,71,은퇴,결혼,0
Y2028520693440704036,2,53,산업노동자,결혼,0
Y2045206047843575913,2,47,공무원,결혼,1
Y2061005772705548286,1,37,회사원,미혼,0
Y2062971086639181928,2,69,은퇴,결혼,0
Y2073392471256126474,1,36,미취업자,미혼,0
Y2085788419544177797,1,41,산업노동자,결혼,0
Y2112926173339530984,1,47,기술자,결혼,0
Y2139664804664761270,1,71,주부,결혼,0
Y2146119327338951799,2,75,은퇴,결혼,1
Y2147167939089536203,1,40,회사원,이혼,0
Y2164009409690233304,2,55,회사원,결혼,0
Y2167467320384377419,2,53,회사원,결혼,1
Y2169172280561848695,1,40,군인,결혼,0
Y2206731841682428382,2,48,회사원,결혼,0
Y2207505609572701481,1,33,자영업자,미혼,1
Y2210164557128764871,2,75,은퇴,미혼,1
Y2227132954625892497,1,47,산업노동자,결혼,1
Y2231568498248833519,1,28,회사원,미혼,0
Y2248901335492451579,1,56,회사원,결혼,0
Y2273933670550765810,2,67,은퇴,미혼,0
Y2277367860551270091,1,63,자영업자,결혼,1
Y2288710398588804819,1,32,회사원,이혼,1
Y2300644202172776062,2,58,기업가,미혼,0
Y2320346236510974308,2,35,회사원,미혼,0
Y2340194279258139635,1,31,서비스종사자,미혼,1
Y2348225552298655459,1,36,기업가,미혼,0
Y2351363211964963692,1,44,기업가,미혼,0
Y2354834515293725320,2,37,자영업자,미혼,1
Y2385130091364482620,1,45,기업가,미혼,1
Y2385638408332857159,1,49,회사원,결혼,0
Y2393568506141150676,1,59,산업노동자,미혼,1
Y2395888751322831075,1,25,회사원,결혼,1
Y2406289797670987262,2,66,산업노동자,이혼,0
Y2431142974710553301,1,34,산업노동자,미혼,0
Y2447107642310099109,1,61,기업가,미혼,0
Y2448392506827812840,1,53,기술자,결혼,1
Y2451494443789594670,2,41,회사원,미혼,1
Y2454398036360633182,1,51,산업노동자,결혼,0
Y2457577016486116651,1,62,기술자,결혼,1
Y2466622852898626695,2,31,산업노동자,결혼,0
Y2470585613425503722,2,62,은퇴,미혼,0
Y2474031879055835664,2,42,서비스종사자,결혼,0
Y2485434017319790668,2,65,은퇴,미혼,0
Y2494870810514014209,2,25,서비스종사자,이혼,1
Y2494923531840043929,1,45,산업노동자,결혼,0
Y2496483858496323750,1,82,군인,미혼,1
Y2511104162816960169,2,61,은퇴,결혼,0
Y2519911343304713465,2,33,산업노동자,결혼,0
Y2521122369975725648,2,74,은퇴,이혼,1
Y2524081355742620226,1,44,산업노동자,결혼,0
Y2535423389351638988,2,63,은퇴,미혼,0
Y2540936866810071038,1,60,회사원,미혼,0
Y2543745860597594196,1,62,산업노동자,미혼,1
Y2543776640039854457,2,57,회사원,미혼,0
Y2544780650137842785,1,32,산업노동자,결혼,0
Y2552626178675891200,2,59,기술자,결혼,0
Y2568832658042041270,2,55,주부,미혼,0
Y2591876411871793933,1,54,산업노동자,미혼,1
Y2598502210746385154,1,71,은퇴,이혼,0
Y2620003846735883043,1,75,은퇴,미혼,0
Y2657896898233964804,2,52,회사원,이혼,0
Y2662846091537692108,2,83,군인,미혼,0
Y2666006355645391550,2,81,은퇴,결혼,1
Y2669505682778024660,1,56,기술자,이혼,0
Y2688953586052817988,1,27,기술자,결혼,1
Y2691434261264253356,2,78,은퇴,결혼,1
Y2697715036974597869,1,61,산업노동자,이혼,0
Y2700734492402937342,1,59,산업노동자,이혼,1
Y2703058320902497509,1,35,기술자,미혼,0
Y2705419322207938248,1,42,회사원,결혼,1
Y2711410704503291977,1,84,은퇴,미혼,1
Y2718699480994184853,2,78,은퇴,이혼,1
Y2723042609556054823,2,58,은퇴,이혼,0
Y2723761464439441360,1,78,은퇴,결혼,1
Y2725931436386482464,2,61,은퇴,결혼,0
Y2726819666415730273,2,50,산업노동자,이혼,0
Y2729652101961164197,2,71,은퇴,결혼,0
Y2738906783848966835,1,68,자영업자,미혼,0
Y2745935384130978825,2,47,기술자,미확인,1
Y2750236254344207947,2,77,은퇴,결혼,1
Y2781789033318841363,2,43,회사원,미혼,0
Y2784258348558791434,1,65,은퇴,결혼,0
Y2787873541015938338,2,49,공무원,결혼,0
Y2797077430814750149,2,46,공무원,이혼,0
Y2816833705434138978,2,63,은퇴,결혼,1
Y2832245408857953910,1,67,회사원,미확인,0
Y2838381659527393859,1,39,산업노동자,미혼,1
Y2850910098680653377,1,40,회사원,결혼,1
Y2872370909723709542,1,66,군인,결혼,0
Y2886026775964976789,1,59,미취업자,결혼,0
Y2894290340353797143,2,33,기술자,결혼,0
Y2900944492303678766,1,38,기업가,결혼,0
Y2920541298243272830,1,43,기술자,결혼,1
Y2942980779471225592,1,41,공무원,미혼,1
Y2950005310975460474,1,28,회사원,결혼,0
Y2951284688763581472,2,89,자영업자,미혼,1
Y2952447153672045189,1,41,회사원,미혼,1
Y2952564644996725485,2,53,주부,결혼,1
Y2957549054447999553,1,43,기술자,결혼,0
Y2959699235456339874,1,33,산업노동자,미혼,0
Y2960690537939881770,2,50,공무원,미혼,0
Y2963799372947834286,2,67,주부,미혼,1
Y2966293720940617129,1,39,산업노동자,이혼,0
Y2971116654880580967,1,45,산업노동자,이혼,0
Y2972204708840314271,2,25,회사원,미혼,0
Y2988723409697787142,1,42,산업노동자,결혼,0
Y2990938386517783756,2,58,기술자,미혼,0
Y2993694819046043735,2,63,은퇴,미혼,1
Y3004345982193299387,1,58,미확인,이혼,0
Y3021436527417061699,1,29,산업노동자,결혼,0
Y3051973661387246552,2,30,회사원,이혼,0
Y3052535645909630684,2,32,공무원,미혼,0
Y3055268499097556130,1,55,회사원,결혼,0
Y3082550862601267750,1,65,은퇴,미혼,0
Y3086819664955107441,2,62,회사원,미혼,0
Y3087146675105087026,1,47,기업가,미혼,0
Y3091618258259131672,1,35,산업노동자,결혼,0
Y3091664858106064719,1,54,주부,결혼,0
Y3101236064036394916,1,51,군인,이혼,1
Y3108462078276442057,1,75,자영업자,미혼,1
Y3111733005111584324,2,69,은퇴,이혼,0
Y3122581878526640641,2,61,산업노동자,미혼,0
Y3126188824871343261,2,85,은퇴,미혼,1
Y3154684447057348247,2,70,은퇴,미혼,0
Y3167038810143980726,1,62,은퇴,이혼,1
Y3171757736121775895,1,64,회사원,미혼,1
Y3189404590841075447,1,52,서비스종사자,미혼,0
Y3193493254854323288,2,43,기술자,결혼,0
Y3220237653176344350,1,54,기업가,미혼,1
Y3223460898099956568,1,72,은퇴,미혼,0
Y3229057961680312927,1,42,기술자,결혼,0
Y3232695496495886828,2,39,산업노동자,결혼,0
Y3234566588832676304,1,45,은퇴,결혼,0
Y3234983830789588243,2,56,은퇴,결혼,1
Y3239527340684875646,1,40,공무원,결혼,1
Y3240092872164594631,1,52,회사원,미혼,1
Y3242629960205945110,2,51,공무원,이혼,0
Y3255424730621361077,2,57,서비스종사자,미혼,0
Y3256021202988062180,2,28,산업노동자,결혼,0
Y3274174106725164027,1,65,산업노동자,결혼,0
Y3293153203134177714,2,40,주부,미혼,0
Y3295660477227113345,2,84,은퇴,결혼,1
Y3311236189820594015,1,59,은퇴,이혼,1
Y3322209762513146733,2,68,자영업자,결혼,0
Y3339969962902956954,1,53,미취업자,이혼,0
Y3340069361047519676,1,58,산업노동자,결혼,0
Y3351413681205172701,1,58,회사원,미혼,0
Y3357183480268628312,1,61,기술자,결혼,1
Y3362255872904570933,2,86,은퇴,이혼,0
Y3368634375412961940,2,39,회사원,미혼,1
Y3399392766415886228,1,39,회사원,결혼,0
Y3402589656088291124,1,60,공무원,결혼,0
Y3411364561065875708,2,58,은퇴,결혼,1
Y3413330855287540382,2,75,은퇴,미혼,1
Y3440902105257089604,2,51,미취업자,결혼,0
Y3469471033752949696,1,49,산업노동자,미혼,0
Y3484578647487029244,2,46,자영업자,결혼,0
Y3493609764771543316,1,72,은퇴,미혼,1
Y3500381905089116400,1,35,산업노동자,이혼,0
Y3507362596860659968,1,47,공무원,이혼,1
Y3508923065662036547,1,78,은퇴,미혼,1
Y3519017526910988511,1,58,기술자,결혼,0
Y3540443888284693349,2,53,회사원,결혼,1
Y3542716642054139708,2,36,서비스종사자,미혼,0
Y3552270988700876186,1,30,기술자,결혼,0
Y3553855734795642071,2,64,은퇴,결혼,0
Y3560229685771314895,1,68,주부,결혼,0
Y3568381655208691075,2,50,회사원,결혼,0
Y3569650708183264830,1,49,회사원,결혼,1
Y3569725858900533695,2,66,은퇴,이혼,0
Y3571270764210261633,2,37,공무원,결혼,0
Y3602717277003997129,1,44,산업노동자,미혼,1
Y3611286252860329984,2,29,미취업자,결혼,0
Y3611399993299294843,2,39,산업노동자,미혼,1
Y3613673757433073699,1,53,산업노동자,결혼,0
Y3620915963563143982,2,45,산업노동자,이혼,0
Y3643109240628878596,2,75,은퇴,이혼,0
Y3649237875824385044,1,82,은퇴,결혼,1
Y3652634905813675010,2,56,회사원,이혼,1
Y3663749760596749153,2,66,기업가,미확인,0
Y3711647440849213403,1,41,기술자,이혼,0
Y3721940518312934615,2,28,회사원,이혼,0
Y3738863987404745460,1,84,은퇴,결혼,0
Y3739999743339438650,1,66,군인,미혼,1
Y3745344516270583832,1,63,은퇴,결혼,0
Y3769595454593399656,1,63,은퇴,결혼,1
Y3773164522479140059,1,57,산업노동자,미확인,1
Y3788927098157992674,2,45,기술자,결혼,0
Y3796070559388432755,1,25,군인,결혼,0
Y3797580576279833023,1,63,회사원,이혼,1
Y3799560396514410748,1,55,공무원,이혼,1
Y3820420226372237198,2,65,기업가,미확인,0
Y3821586992480885239,1,66,자영업자,결혼,0
Y3822022699689732799,2,39,자영업자,결혼,0
Y3822781604610594825,1,33,기술자,결혼,1
Y3839359507291324856,2,32,회사원,결혼,0
Y3855090617104846682,2,40,산업노동자,결혼,1
Y3861525099022140411,1,47,산업노동자,결혼,0
Y3864197287935600463,1,38,회사원,이혼,0
Y3867847495562778779,2,38,기업가,미혼,0
Y3891088624860395268,2,62,은퇴,결혼,0
Y3897424630542748067,2,56,은퇴,미혼,0
Y3902922040934236358,2,31,산업노동자,결혼,0
Y3902962583296240358,1,42,서비스종사자,결혼,0
Y3905932844063226025,2,48,회사원,이혼,0
Y3909207474643593017,2,66,은퇴,결혼,0
Y3910487648435323025,1,88,은퇴,이혼,1
Y3914720689920118958,1,51,산업노동자,결혼,0
Y3919379274912323155,2,63,미취업자,이혼,0
Y3930256909210283093,1,49,미확인,미혼,0
Y3935318815674176282,2,58,은퇴,미혼,1
Y3939878825676935351,2,51,기업가,미혼,0
Y3965906790098973002,2,61,산업노동자,이혼,1
Y3982606713359347908,2,51,은퇴,미혼,1
Y3985362857764430643,2,86,은퇴,미혼,0
Y4026730468423821728,2,53,공무원,미확인,0
Y4031549294906894139,1,63,회사원,미혼,1
Y4038265182176198589,1,36,회사원,미혼,0
Y4043812441426264958,2,43,회사원,미혼,0
Y4049046323848750830,1,37,산업노동자,결혼,1
Y4051012828600642674,1,72,은퇴,결혼,0
Y4052080979000660855,2,27,학생,미혼,1
Y4067212999700465992,2,68,은퇴,이혼,0
Y4070799594329366449,1,47,회사원,이혼,1
Y4092702534299796589,2,82,산업노동자,결혼,0
Y4099366042659468840,1,29,회사원,결혼,0
Y4105443151987183895,2,81,은퇴,결혼,0
Y4119738038817175257,1,51,기술자,미확인,1
Y4141724432006851993,1,59,미취업자,미확인,0
Y4142691842783501499,2,38,회사원,미혼,0
Y4160142543824496358,1,25,군인,이혼,0
Y4163078210952999481,2,65,기업가,결혼,0
Y4166938131549494162,2,40,기업가,미혼,0
Y4209286440807803586,2,57,공무원,결혼,0
Y4218300964320309265,1,52,회사원,미혼,0
Y4218679901903107144,1,63,기술자,미혼,0
Y4237904494401726536,2,43,자영업자,미혼,0
Y4253612210081328801,2,50,서비스종사자,결혼,0
Y4261599836688426203,2,31,회사원,이혼,1
Y4265226305627397115,2,84,기업가,결혼,0
Y4329237931349122928,1,25,군인,결혼,0
Y4368820189434939605,1,57,회사원,미혼,0
Y4378499765817927097,1,47,산업노동자,미혼,1
Y4381333621991238960,2,49,공무원,미혼,1
Y4382380577846426077,1,57,기술자,결혼,1
Y4385186857403375112,1,57,회사원,결혼,0
Y4397568907984195713,2,38,회사원,미혼,0
Y4403576531243976694,1,36,회사원,미혼,0
Y4409874842912850137,2,62,기업가,결혼,0
Y4418734127936840255,2,69,은퇴,결혼,0
Y4420951360125504602,2,39,미취업자,미혼,1
Y4424826621314977678,1,47,기술자,미혼,1
Y4444084041264321326,1,51,서비스종사자,이혼,1
Y4458496161968069485,2,34,공무원,결혼,0
Y4473033715631440717,2,89,은퇴,결혼,1
Y4478806373472103991,2,32,기술자,이혼,0
Y4490449889704059327,1,29,기업가,결혼,0
Y4501928668250918599,2,41,산업노동자,미혼,1
Y4515926251249939066,1,53,기술자,이혼,0
Y4550194274009828903,1,25,군인,이혼,0
Y4554047607274701323,1,43,기업가,미확인,0
Y4556067749495245441,2,32,공무원,미혼,1
Y4558938327810329996,1,35,기업가,미혼,1
Y4587728930161978970,2,46,회사원,결혼,0
Y4597662796539054636,1,41,공무원,결혼,1
Y4600735969744201587,2,60,은퇴,미혼,0
Y4611029482486798697,2,67,은퇴,미혼,0
Y4621659763759187333,1,74,은퇴,이혼,1
Y4622270242277718660,2,41,산업노동자,미혼,1
Y4625546182044906526,1,48,기술자,미혼,1
Y4649917859251791959,2,43,산업노동자,결혼,0
Y4651421260348207150,1,45,기업가,결혼,1
Y4652023861264797361,2,77,은퇴,결혼,0
Y4671303188843086314,1,49,기술자,미혼,1
Y4673793197100396947,1,76,은퇴,결혼,0
Y4680696938296117033,1,61,회사원,미혼,1
Y4682243015951733342,2,44,회사원,이혼,0
Y4685072287601351049,1,31,기술자,이혼,0
Y4690693525942371250,2,30,서비스종사자,미혼,0
Y4718674145056244274,2,25,학생,결혼,0
Y4754233339662830401,2,37,서비스종사자,이혼,0
Y4759658502126341997,1,56,기술자,이혼,1
Y4764968218740954778,2,42,산업노동자,결혼,0
Y4773367529522503919,1,50,서비스종사자,미혼,0
Y4782184600193126283,2,66,은퇴,미혼,0
Y4787385883996946308,2,31,산업노동자,이혼,0
Y4791793762573196340,1,42,산업노동자,미확인,0
Y4805695976940421671,2,46,회사원,결혼,0
Y4811745063063622614,1,58,기술자,이혼,0
Y4821480765368333775,2,60,은퇴,미혼,0
Y4832980576875254769,1,80,은퇴,미확인,0
Y4834268975377283357,2,78,은퇴,미혼,1
Y4852088461584391225,2,27,서비스종사자,이혼,0
Y4866101852978409055,1,31,군인,결혼,0
Y4868990183637330855,1,84,군인,결혼,0
Y4878142015201645080,2,29,학생,결혼,1
Y4879541814544838558,2,26,기업가,미확인,1
Y4886317543494432344,2,29,회사원,이혼,0
Y4903712076563608750,1,50,산업노동자,이혼,0
Y4903757142728150938,2,60,은퇴,이혼,1
Y4904060863877209549,1,55,회사원,결혼,1
Y4908988466107884424,2,55,기술자,결혼,1
Y4914276992063140375,2,58,은퇴,결혼,0
Y4918290471757666928,1,68,회사원,결혼,1
Y4925801460940411619,1,46,산업노동자,결혼,1
Y4959103760764161509,2,66,미확인,결혼,0
Y4969328583161654915,1,40,기술자,결혼,1
Y4969396654601149083,2,35,회사원,결혼,0
Y4974395370839530529,2,46,회사원,결혼,0
Y4977163676571366354,2,40,산업노동자,결혼,0
Y5001969401989795281,2,63,은퇴,미확인,1
Y5006756224676778181,2,60,은퇴,미혼,0
Y5008811737342877466,2,43,기술자,미확인,0
Y5015767766248843890,1,51,회사원,미혼,0
Y5032648625502134601,2,44,산업노동자,결혼,0
Y5035856233550350753,1,52,회사원,이혼,0
Y5079900248191039719,2,46,공무원,결혼,1
Y5080638196184995062,1,54,기술자,결혼,1
Y5080777678906987450,1,32,회사원,결혼,0
Y5105852171075525183,2,34,회사원,결혼,0
Y5107432665221020145,2,28,회사원,결혼,0
Y5109439427185092204,1,29,군인,미혼,1
Y5121322866793129743,1,64,은퇴,미혼,0
Y5128332701649680274,1,47,회사원,결혼,0
Y5137777622326801782,1,43,회사원,결혼,0
Y5151150885669461258,1,51,산업노동자,이혼,1
Y5162419113752270325,1,57,회사원,결혼,1
Y5171982384257210871,1,81,은퇴,결혼,1
Y5172074183712247725,1,43,미취업자,이혼,1
Y5188133070499328172,2,70,은퇴,결혼,0
Y5192495686086311954,2,40,기술자,결혼,0
Y5195360560289151242,2,50,공무원,미혼,0
Y5200465246113759868,1,64,은퇴,결혼,0
Y5217400839128287952,2,44,공무원,미혼,0
Y5224500252377275603,1,57,자영업자,이혼,0
Y5227876442666660082,1,67,자영업자,결혼,0
Y5239875184135763130,1,80,군인,미혼,1
Y5245481114400874396,2,56,기술자,미혼,0
Y5261211062545385136,2,47,산업노동자,결혼,1
Y5261560204837401348,2,70,은퇴,미혼,1
Y5278175780928263370,2,31,서비스종사자,결혼,0
Y5280306155375467897,1,28,산업노동자,결혼,0
Y5282650719086698110,2,25,자영업자,결혼,0
Y5283092580098348120,1,73,군인,미혼,1
Y5286153931548960287,1,53,기술자,결혼,0
Y5306239081068745024,1,72,은퇴,이혼,1
Y5306897840681023348,2,38,공무원,결혼,0
Y5307741165460744657,2,49,회사원,미혼,0
Y5323084443850950636,2,43,자영업자,미혼,1
Y5329324600281949699,1,29,산업노동자,결혼,0
Y5334146432468591160,2,41,공무원,미혼,1
Y5340936203157389303,1,30,기술자,미혼,1
Y5356266357080086810,2,59,공무원,이혼,1
Y5364128140200963284,2,62,은퇴,이혼,1
Y5370218194598894810,1,34,산업노동자,결혼,1
Y5386370953964208901,2,56,은퇴,미혼,0
Y5395701056688399211,2,28,학생,이혼,1
Y5410473196180187359,2,42,자영업자,미확인,0
Y5422797144961880981,2,42,회사원,이혼,0
Y5435811984644292065,1,59,산업노동자,결혼,0
Y5436111551055412395,1,49,산업노동자,결혼,1
Y5459509625102355365,1,49,회사원,미혼,1
Y5461605987397146880,2,63,회사원,미혼,1
Y5463967655344566005,1,69,자영업자,미혼,0
Y5464456933012475364,2,70,은퇴,미혼,0
Y5486999307919241004,1,51,기술자,이혼,0
Y5501883013567278890,1,54,회사원,결혼,1
Y5512352453418744068,2,50,공무원,이혼,1
Y5513863995724060499,2,75,군인,결혼,1
Y5528062684336696037,2,26,회사원,결혼,0
Y5530484668337033989,1,47,기업가,미혼,0
Y5543361009270539805,1,69,은퇴,미혼,0
Y5544373236793867380,1,52,기술자,결혼,1
Y5545987143637489584,2,45,공무원,결혼,1
Y5549234012212544903,2,31,기술자,이혼,0
Y5554570783088478273,1,66,미확인,결혼,0
Y5559996244843226838,1,41,산업노동자,미혼,0
Y5567874454669123659,2,50,산업노동자,미혼,1
Y5572603861252841128,1,57,기업가,미혼,0
Y5578749292349550683,2,53,서비스종사자,미혼,0
Y5591651511785838099,1,63,은퇴,결혼,0
Y5611376732064087303,1,51,산업노동자,미혼,1
Y5614119249724279889,1,60,은퇴,결혼,0
Y5620054868464577035,1,77,군인,미혼,1
Y5624432920081272958,2,60,은퇴,결혼,0
Y5644948185621021947,1,33,회사원,미혼,0
Y5654252465952291436,1,26,회사원,미혼,0
Y5654548273169222887,1,52,기술자,결혼,1
Y5707450346711864297,2,35,회사원,결혼,0
Y5728363266000882027,2,71,은퇴,결혼,0
Y5729388394231296701,1,36,산업노동자,이혼,1
Y5737197901385997228,1,43,기업가,결혼,1
Y5764110112934134369,2,31,회사원,이혼,0
Y5777622515514174202,1,57,회사원,미확인,0
Y5780494116385553405,2,50,은퇴,미혼,0
Y5784974957833534359,1,70,자영업자,결혼,1
Y5785752502994568770,1,29,기술자,미혼,1
Y5787494912960152463,2,62,은퇴,이혼,0
Y5798021414144408760,2,48,회사원,결혼,0
Y5806826117232702403,2,60,산업노동자,결혼,1
Y5816816430440292185,1,34,미확인,미혼,1
Y5820624705114763907,1,40,회사원,이혼,0
Y5843901328194308064,2,37,서비스종사자,이혼,0
Y5844981076762473782,1,34,군인,결혼,0
Y5845038713685879399,1,71,은퇴,미혼,0
Y5846299600898410635,2,58,은퇴,결혼,1
Y5850324972533124299,1,53,회사원,결혼,1
Y5853598095326683176,1,82,기술자,이혼,1
Y5853969593521517292,1,55,산업노동자,결혼,0
Y5859398065303876825,2,50,자영업자,결혼,1
Y5866227403878396571,1,60,은퇴,결혼,0
Y5871761427022471996,1,60,산업노동자,이혼,0
Y5872926302031195663,1,46,산업노동자,이혼,0
Y5874930628234730271,1,76,은퇴,미혼,0
Y5880785666879749863,2,39,공무원,미혼,1
Y5890700203825516543,1,51,기술자,결혼,0
Y5892866577900081275,1,63,기술자,미혼,0
Y5921690676158934879,2,32,공무원,결혼,0
Y5923780673877936222,2,59,자영업자,결혼,0
Y5932949124347850998,2,60,은퇴,미혼,0
Y5956488119105032481,1,37,기술자,이혼,0
Y5980513998070064461,2,53,산업노동자,결혼,1
Y5984387311171856207,1,32,미확인,결혼,0
Y5985415059234349069,1,86,자영업자,결혼,0
Y5988169058440976259,1,67,자영업자,결혼,0
Y5991434804608701605,1,60,기업가,이혼,1
Y6006260466715250187,1,60,산업노동자,미혼,0
Y6009189105061334008,1,33,산업노동자,미혼,0
Y6012379397285238315,2,72,은퇴,미혼,0
Y6017623863546829566,1,32,군인,결혼,0
Y6027039133471867753,2,68,은퇴,결혼,0
Y6037270546368956029,2,44,자영업자,결혼,1
Y6038215666159499486,1,39,기업가,미혼,1
Y6044356183202388190,2,40,공무원,미확인,0
Y6050121631462354245,1,71,은퇴,미혼,1
Y6073919714772517674,1,54,기술자,결혼,1
Y6093464963342158219,2,48,회사원,이혼,0
Y6095998895732600250,2,67,은퇴,미혼,0
Y6099330856149735567,1,60,은퇴,결혼,0
Y6101108480461185260,2,50,기술자,결혼,0
Y6106519723144642236,1,52,회사원,결혼,1
Y6111391079176082760,1,73,은퇴,미혼,1
Y6122328290822337182,2,37,산업노동자,미혼,1
Y6122948053149864573,1,34,회사원,이혼,1
Y6141750533567094030,1,53,회사원,미혼,0
Y6166559212753114669,1,56,기술자,미혼,0
Y6198428090663915792,1,33,공무원,결혼,1
Y6200218954464334524,2,30,산업노동자,결혼,0
Y6211937165485588223,1,55,군인,미혼,0
Y6215483783467527828,2,64,주부,결혼,1
Y6237077278532478049,1,51,산업노동자,이혼,1
Y6248824364732518511,1,67,회사원,결혼,1
Y6249177784227008976,2,41,회사원,결혼,0
Y6270609069347101521,2,70,기업가,미혼,1
Y6294794886308898545,1,48,기술자,결혼,1
Y6296365828223989746,1,37,서비스종사자,결혼,0
Y6317225096640959624,1,78,군인,미혼,1
Y6344619849506706376,1,50,공무원,결혼,0
Y6350829089910315474,1,52,공무원,미혼,1
Y6354186126392499544,1,49,기술자,결혼,0
Y6369305206380963203,1,64,은퇴,결혼,0
Y6381079037710891856,1,56,기술자,결혼,0
Y6402185435880980975,1,51,산업노동자,이혼,1
Y6402966908765028389,1,32,산업노동자,결혼,0
Y6408609956187479688,1,67,은퇴,미혼,0
Y6418961307898868312,1,34,미취업자,결혼,0
Y6421115261950498012,2,34,서비스종사자,이혼,1
Y6425189660677712823,1,25,서비스종사자,미혼,0
Y6438322491801516974,1,66,은퇴,미혼,0
Y6445359430202284575,2,49,자영업자,미혼,1
Y6445950753490072451,1,48,자영업자,이혼,0
Y6446156653029776563,1,32,회사원,결혼,1
Y6460813134950159824,2,39,서비스종사자,결혼,0
Y6493096343452310189,2,59,서비스종사자,결혼,0
Y6494212807257034863,1,35,산업노동자,이혼,0
Y6501410140356760650,1,89,은퇴,미혼,0
Y6515025314125406953,1,85,은퇴,이혼,1
Y6526756877402741477,2,45,산업노동자,결혼,0
Y6533947553115862657,1,39,기술자,결혼,1
Y6540405138194851730,1,42,산업노동자,결혼,0
Y6540510732896085597,1,49,산업노동자,이혼,0
Y6542148449312210538,1,53,산업노동자,미혼,0
Y6549882481511032773,1,31,미취업자,이혼,1
Y6554613488188315905,2,66,은퇴,미혼,0
Y6559225896331068788,1,51,군인,미혼,0
Y6559949978418018791,1,36,기술자,미혼,0
Y6565619735625055024,1,45,기술자,결혼,0
Y6567124627134752807,2,44,서비스종사자,이혼,0
Y6567400462955070484,1,53,기술자,이혼,1
Y6570263457244158866,1,56,산업노동자,이혼,0
Y6579723822084511157,2,46,공무원,미혼,1
Y6613320814195876351,2,49,산업노동자,결혼,0
Y6625228507494597947,2,30,서비스종사자,결혼,1
Y6628046841367956558,2,52,서비스종사자,미확인,1
Y6628111007855930700,2,53,산업노동자,결혼,0
Y6649129563492465064,1,63,은퇴,미혼,1
Y6670318470156218088,2,51,주부,미혼,0
Y6673749445360880153,1,84,은퇴,미혼,1
Y6675515959647672388,1,50,산업노동자,미확인,1
Y6686024753316708591,2,69,군인,미혼,0
Y6696816781892987743,1,62,은퇴,결혼,0
Y6698228315500934570,2,48,공무원,결혼,0
Y6699270705586457385,2,46,은퇴,미혼,0
Y6702748270620788805,2,54,회사원,결혼,0
Y6703344515721051128,2,39,회사원,결혼,0
Y6705340509372570555,1,47,산업노동자,이혼,0
Y6705554295608640836,2,31,회사원,이혼,1
Y6725622755041552008,2,88,은퇴,결혼,0
Y6744118406758601717,2,68,자영업자,미혼,0
Y6764442020275133010,1,58,산업노동자,이혼,1
Y6788662954794034512,1,72,은퇴,결혼,0
Y6789537436088996268,2,65,미취업자,미혼,0
Y6799698194370998624,2,46,자영업자,결혼,0
Y6803017584837780185,1,69,자영업자,미혼,1
Y6804294147920251408,1,52,기술자,결혼,1
Y6805756445175498873,2,51,서비스종사자,미확인,0
Y6807097536240378400,2,45,서비스종사자,미혼,1
Y6809260096106426470,1,33,회사원,미혼,0
Y6812314248966326856,2,67,은퇴,미혼,1
Y6818132691288907247,2,86,자영업자,미혼,1
Y6833444005633850642,1,51,기술자,미혼,0
Y6835358592576075433,1,50,산업노동자,미혼,0
Y6837592418131627821,1,50,기술자,미혼,0
Y6844348385996005178,2,44,산업노동자,미혼,0
Y6847102525225936286,1,60,기업가,이혼,1
Y6877485367489552587,1,49,기업가,이혼,0
Y6900005730444585131,2,63,공무원,미혼,1
Y6944297225191586374,2,37,회사원,결혼,1
Y6951146293799162393,2,42,산업노동자,결혼,0
Y6957046578225412972,1,89,은퇴,결혼,1
Y6971363263891671978,1,55,산업노동자,미혼,1
Y6971754261593724683,2,78,은퇴,결혼,0
Y6972854289397088283,1,32,군인,결혼,1
Y6974711977326633571,1,67,은퇴,이혼,1
Y6986103645811939146,1,33,산업노동자,이혼,0
Y6992303911095855492,2,72,은퇴,이혼,1
Y6994725979556734910,2,82,은퇴,결혼,0
Y7000172030829330146,2,75,은퇴,미혼,0
Y7002973153572004349,1,45,미확인,결혼,1
Y7012599018740137203,1,39,기업가,결혼,0
Y7033618603311048973,2,64,기술자,결혼,1
Y7034518589126003745,1,70,은퇴,결혼,0
Y7038295002126712869,1,28,회사원,결혼,0
Y7047312482354242184,1,65,자영업자,이혼,0
Y7056921086352853887,1,38,기술자,결혼,1
Y7072649982279439060,2,38,자영업자,미혼,1
Y7109966169593436105,1,52,산업노동자,미혼,1
Y7118700994762640164,1,49,회사원,결혼,0
Y7134767015892633609,1,52,산업노동자,미혼,1
Y7135368825635237666,1,35,기술자,결혼,1
Y7140878276456249765,1,70,산업노동자,미혼,0
Y7141797492199896303,1,58,기술자,미혼,0
Y7143330132395046058,2,41,산업노동자,결혼,0
Y7145895492537318421,2,50,회사원,결혼,1
Y7146563970278866184,1,70,은퇴,미혼,1
Y7147210749383805906,2,34,공무원,이혼,1
Y7162304758233152102,2,28,자영업자,결혼,0
Y7170005945460657081,2,65,서비스종사자,결혼,1
Y7170265924273196757,2,38,공무원,미혼,0
Y7175374035023869315,1,38,기술자,이혼,0
Y7185510504488456708,1,47,기업가,이혼,1
Y7186265407421910697,2,63,은퇴,미혼,0
Y7194101688081827373,1,62,은퇴,미혼,1
Y7203106304902611582,1,45,공무원,이혼,0
Y7208925652478341261,1,65,은퇴,미혼,1
Y7220067877809688176,2,44,주부,결혼,0
Y7222973650441865137,1,53,기술자,결혼,0
Y7232528556284275639,2,45,공무원,이혼,0
Y7253025006706695263,1,71,자영업자,이혼,0
Y7277769030775532958,1,57,서비스종사자,결혼,1
Y7280630607652891052,2,66,자영업자,결혼,0
Y7291928407709632678,2,54,서비스종사자,미혼,1
Y7293756593553235166,2,58,은퇴,결혼,1
Y7308934405816069799,1,50,회사원,미확인,0
Y7313207295168515233,2,57,은퇴,결혼,0
Y7315538021584993539,2,62,공무원,결혼,1
Y7333028892762031001,1,75,은퇴,미혼,1
Y7336506418472716115,2,54,자영업자,미혼,1
Y7337703186054445561,1,45,산업노동자,결혼,0
Y7340046859204237574,1,60,은퇴,미혼,1
Y7350624344478070232,2,38,기술자,미혼,0
Y7355817375780553659,1,46,산업노동자,결혼,1
Y7382935527486057201,1,37,산업노동자,결혼,1
Y7391337814257502820,1,55,산업노동자,미혼,0
Y7391787764591301930,2,66,서비스종사자,미혼,0
Y7400815464955162498,1,27,군인,이혼,0
Y7442564863724740699,1,56,은퇴,이혼,0
Y7465980796774461984,2,40,산업노동자,미확인,1
Y7468666815168967326,2,74,은퇴,결혼,0
Y7499421410581806551,1,41,기업가,미확인,0
Y7499905132603894553,1,37,회사원,미혼,0
Y7507891326571036669,1,44,산업노동자,결혼,1
Y7509080100125744301,2,56,은퇴,결혼,0
Y7515887435288615712,1,78,은퇴,결혼,0
Y7516679128081899704,1,25,군인,결혼,0
Y7517007615891622584,2,40,기술자,미혼,1
Y7527719386433258647,2,62,은퇴,결혼,1
Y7548947657654834724,1,52,산업노동자,미혼,0
Y7568266633430278195,2,58,은퇴,결혼,0
Y7579088697137372400,1,48,미확인,미혼,0
Y7582534117967252092,2,40,산업노동자,결혼,0
Y7583081376384797379,1,60,군인,이혼,0
Y7583632574166535563,2,31,서비스종사자,이혼,1
Y7585398196300420118,2,68,은퇴,결혼,0
Y7596290156592772121,2,48,산업노동자,결혼,1
Y7610298140810042085,1,31,기술자,결혼,0
Y7613830522303182561,1,61,기술자,이혼,1
Y7614773690778870961,1,37,기업가,결혼,1
Y7638543015302676906,2,56,공무원,결혼,0
Y7643661815725883097,2,34,서비스종사자,결혼,0
Y7646587040048502182,1,50,산업노동자,미혼,1
Y7650233602388758327,1,70,기술자,미혼,0
Y7669187291382719076,2,45,기술자,이혼,0
Y7685069471178538271,2,54,회사원,결혼,0
Y7695733644307577624,1,73,회사원,결혼,1
Y7697528249964980528,2,31,서비스종사자,이혼,0
Y7723181130958967455,1,62,산업노동자,이혼,1
Y7723958801773323580,2,78,자영업자,결혼,1
Y7727707698868620321,1,65,기업가,미혼,1
Y7735759745149357089,2,43,공무원,결혼,0
Y7738389906956404172,2,35,회사원,이혼,1
Y7757290349131752783,2,62,은퇴,결혼,0
Y7757803171205863885,2,34,학생,이혼,1
Y7765449931607189098,1,56,은퇴,미혼,1
Y7790483197177313550,2,31,산업노동자,미혼,0
Y7791115706354177638,1,58,기술자,결혼,0
Y7794063458142857653,1,48,기술자,미혼,0
Y7808582974846719373,2,50,서비스종사자,결혼,0
Y7819032555786304729,1,70,주부,결혼,1
Y7822628455141599636,2,56,은퇴,미혼,0
Y7825584341617059378,1,60,은퇴,미확인,0
Y7833505890135645522,1,75,은퇴,미혼,1
Y7836150107838384928,1,65,산업노동자,미혼,0
Y7839515214975003451,1,39,회사원,결혼,0
Y7843007798708628109,2,48,회사원,미혼,0
Y7887059783447159013,1,58,공무원,결혼,1
Y7892059919888511647,1,38,자영업자,미혼,1
Y7892687882666572458,1,41,공무원,이혼,1
Y7894737437758398718,1,36,공무원,미혼,0
Y7910971352761807933,2,47,산업노동자,결혼,1
Y7914270153684977071,1,32,군인,결혼,0
Y7930186835226764663,1,89,은퇴,미혼,0
Y7958495679973148543,2,51,은퇴,결혼,0
Y7963869115567600645,2,55,서비스종사자,이혼,0
Y7973967247047166529,1,36,기업가,이혼,0
Y7975937785068175150,2,36,기술자,미혼,0
Y7986102974061594796,1,56,산업노동자,결혼,0
Y7993630372703935726,1,57,회사원,결혼,0
Y8001321078569382789,2,72,기술자,결혼,1
Y8009662390545355689,2,47,기업가,결혼,0
Y8010977067961993668,2,56,은퇴,미혼,1
Y8024313768245063028,1,36,산업노동자,미혼,0
Y8031809922554667739,2,34,회사원,미혼,1
Y8034501945943617757,2,57,서비스종사자,결혼,0
Y8035901391112166394,1,54,공무원,결혼,0
Y8041283551610325706,1,30,기술자,결혼,0
Y8054635167423122763,2,51,공무원,결혼,0
Y8060816867300905595,2,71,기업가,이혼,1
Y8074813728224946034,1,53,기업가,결혼,0
Y8084454671963709001,2,29,서비스종사자,미혼,0
Y8101286501226157659,1,43,회사원,결혼,1
Y8111099431761198582,1,57,기술자,이혼,1
Y8130515458519786186,2,54,회사원,미혼,0
Y8133908728360041251,2,45,서비스종사자,결혼,0
Y8133979987697508114,2,35,기술자,미혼,0
Y8151374539601212265,1,57,미취업자,미혼,0
Y8153324027474959581,2,68,자영업자,이혼,0
Y8154571170605433526,1,26,학생,미혼,1
Y8154865721827538015,2,75,은퇴,이혼,1
Y8157824128191141411,1,58,기술자,이혼,0
Y8164946013851830568,1,70,은퇴,이혼,1
Y8172019365949089395,1,84,은퇴,미혼,1
Y8182820902800601822,2,59,서비스종사자,미혼,1
Y8190867572215572527,2,47,미확인,결혼,0
Y8193562273355793367,1,84,은퇴,미혼,1
Y8194678813049574885,2,77,은퇴,미혼,0
Y8200702232826950317,1,36,기업가,미혼,0
Y8201044165839288648,2,52,산업노동자,미혼,0
Y8208891136489690033,1,46,회사원,미혼,0
Y8218473664069969734,1,69,군인,이혼,0
Y8228086438598631465,1,78,자영업자,결혼,1
Y8237685114933457531,2,88,은퇴,이혼,0
Y8262041536179314020,1,55,은퇴,미혼,1
Y8275110016269845342,2,40,기술자,이혼,0
Y8317893345430872108,1,52,회사원,미혼,0
Y8322002827612261506,1,42,산업노동자,결혼,0
Y8330865540772093717,2,39,공무원,이혼,0
Y8332392175262871912,1,31,기술자,결혼,0
Y8339714243883866293,1,53,기업가,이혼,0
Y8345649441805096968,1,31,기술자,미혼,1
Y8357144841864312326,1,82,기술자,미혼,0
Y8363100229506288651,1,57,은퇴,결혼,1
Y8374511893374035011,2,47,회사원,미혼,0
Y8392635190768381373,1,60,은퇴,결혼,0
Y8394202947666597997,1,83,은퇴,결혼,0
Y8394458602237210821,1,39,서비스종사자,결혼,1
Y8413108901668824504,2,36,은퇴,결혼,1
Y8431328089867404283,2,71,은퇴,미확인,0
Y8458516181368583586,1,87,은퇴,미확인,0
Y8461022336202767663,2,66,주부,미혼,0
Y8461414808197219894,1,51,서비스종사자,미혼,1
Y8466378882568326909,1,53,회사원,결혼,1
Y8476142566138987735,2,25,산업노동자,미혼,0
Y8480673957803000700,2,49,회사원,이혼,0
Y8485465623721498749,1,39,회사원,이혼,0
Y8493241275876466875,1,37,산업노동자,결혼,1
Y8497359613583037622,1,70,자영업자,미혼,0
Y8500790320551684090,1,65,은퇴,결혼,1
Y8503531678444273064,1,58,공무원,미확인,0
Y8523241158998654291,2,44,회사원,결혼,1
Y8537356141204830958,2,74,은퇴,미혼,1
Y8546542161854287303,2,32,산업노동자,미혼,1
Y8566094022031886213,2,55,공무원,미혼,0
Y8584439827650276683,1,75,은퇴,결혼,1
Y8595603633158306365,1,43,회사원,이혼,0
Y8601999513499516081,2,66,은퇴,미혼,0
Y8626791340051708039,2,34,서비스종사자,미혼,0
Y8630426129995567745,2,63,회사원,결혼,1
Y8631216687941063002,1,71,자영업자,결혼,0
Y8657928033910305018,2,88,주부,미혼,1
Y8659189423801432942,1,65,은퇴,미혼,1
Y8691037283092060496,1,67,기업가,결혼,0
Y8693382545780040547,2,53,공무원,결혼,0
Y8696862146880151618,1,32,기술자,미혼,0
Y8701767641967628096,2,63,은퇴,미혼,0
Y8702634169880250032,1,86,은퇴,이혼,0
Y8710203905504026636,2,57,주부,결혼,0
Y8717703648114187162,2,48,공무원,결혼,1
Y8727452605037025412,1,42,기업가,결혼,1
Y8758410802603145157,2,35,서비스종사자,결혼,0
Y8766535331813214944,1,58,기술자,미혼,0
Y8810964551608648397,2,52,산업노동자,미혼,0
Y8819355479204351321,1,58,은퇴,결혼,1
Y8821041736820439798,2,53,공무원,결혼,1
Y8824504270794341858,2,54,산업노동자,결혼,0
Y8828604787445532173,2,41,회사원,이혼,0
Y8845312458086382016,1,62,산업노동자,미확인,1
Y8848969647177590065,1,53,기업가,결혼,0
Y8854558505012751767,1,52,주부,결혼,0
Y8887436978854411641,1,72,군인,이혼,1
Y8887736319555395453,2,52,서비스종사자,이혼,0
Y8907821805717427026,2,34,산업노동자,미혼,0
Y8911728879978712618,2,40,공무원,결혼,1
Y8915228006596682318,1,36,기업가,결혼,1
Y8922039552388991516,1,39,산업노동자,미혼,0
Y8924990316361945338,1,50,기술자,결혼,1
Y8926028030545140833,2,69,기업가,미혼,0
Y8946115732391827606,2,61,은퇴,미혼,1
Y8947578598037232324,1,69,자영업자,결혼,0
Y8948422459348416622,1,64,산업노동자,이혼,1
Y8996123880179935721,1,82,은퇴,결혼,1
Y8996145084197371959,2,56,회사원,결혼,0
Y9012026143487879206,2,67,은퇴,결혼,1
Y9018416491725065971,1,40,산업노동자,결혼,1
Y9027551742239405789,2,56,은퇴,미확인,1
Y9036303097000880027,1,53,자영업자,미혼,0
Y9037370780599024859,1,35,기술자,결혼,1
Y9040713017735299556,2,55,산업노동자,미혼,1
Y9055047575934023039,1,61,은퇴,결혼,0
Y9056121299138274495,1,73,주부,이혼,1
Y9089490070489796004,1,68,은퇴,결혼,0
Y9090645599903848946,2,33,산업노동자,미혼,0
Y9096363224445358592,2,78,기업가,결혼,0
Y9097229534147420264,2,73,기업가,미혼,0
Y9105682526047271269,2,81,은퇴,이혼,1
Y9108275803189916003,1,65,기업가,이혼,0
Y9109756866971494702,1,41,기술자,결혼,1
Y9110632481067346149,2,54,공무원,결혼,0
Y9119582575700018699,1,44,산업노동자,이혼,0
Y9124103536528591962,2,50,산업노동자,이혼,0
Y9125059031177509047,1,43,기업가,결혼,0
Y9126128491949967285,1,74,은퇴,미혼,1
Y9138060787173192882,2,42,산업노동자,결혼,1
Y9140856072451309510,1,68,군인,이혼,1
Y9144321521956199145,2,43,기술자,결혼,0
Y9153243936309408732,1,50,산업노동자,결혼,0
Y9162920100890872630,2,39,서비스종사자,미혼,0
Y9164594422746599633,1,46,산업노동자,결혼,0
Y9180567206231416881,2,43,기술자,미혼,0
Y9181513434793472471,1,45,회사원,미혼,1
Y9182798377373211876,1,41,미취업자,결혼,0
Y9212450030016052600,2,54,산업노동자,결혼,1
Y9218641984009740630,1,46,산업노동자,미혼,0
Y9222402642167019485,2,63,은퇴,결혼,0
